"Año-Mes","Ejercicio","Mes","Código","Nombre Cuenta","Naturaleza","Saldo Anterior","Saldo Final","Δ Saldos","Mov Cargo","Mov Abono","Mov Neto","Diferencia","Abs Diff","Categoría","Pólizas relacionadas"
"2025-12","2025","12","410000200000000000002","VENTAS AL 0%","acreedora","9197304.62","10041981.76","844677.14","10041981.76","844677.14","-9197304.62","10041981.76","10041981.76","Cierre ejercicio (Dic/Ene)","ingreso#13 2025-12-16 | ingreso#14 2025-12-17 | ingreso#5 2025-12-06 | ingreso#6 2025-12-08 | ingreso#7 2025-12-09 | diario#3 2025-12-31 | ingreso#1 2025-12-01 | ingreso#2 2025-12-02 | ingreso#3 2025-12-03 | ingreso#4 2025-12-05 | ingreso#8 2025-12-10 | ingreso#9 2025-12-11 | ingreso#10 2025-12-12 | ingreso#11 2025-12-13 | ingreso#12 2025-12-15 | ingreso#15 2025-12-18 | ingreso#16 2025-12-19 | ingreso#17 2025-12-20 | ingreso#18 2025-12-22 | ingreso#19 2025-12-24 | ingreso#20 2025-12-26 | ingreso#21 2025-12-27 | ingreso#22 2025-12-29 | ingreso#23 2025-12-30 | ingreso#24 2025-12-31"
"2026-01","2026","1","410000200000000000002","VENTAS AL 0%","acreedora","10041981.76","793034.33","-9248947.43","0.00","793034.33","793034.33","-10041981.76","10041981.76","Cierre ejercicio (Dic/Ene)","ingreso#1 2026-01-03 | ingreso#12 2026-01-20 | ingreso#2 2026-01-05 | ingreso#3 2026-01-06 | ingreso#4 2026-01-07 | ingreso#5 2026-01-08 | ingreso#6 2026-01-09 | ingreso#7 2026-01-10 | ingreso#8 2026-01-12 | ingreso#9 2026-01-14 | ingreso#10 2026-01-17 | ingreso#11 2026-01-19 | ingreso#13 2026-01-21 | ingreso#14 2026-01-22 | ingreso#15 2026-01-23 | ingreso#16 2026-01-24 | ingreso#17 2026-01-26 | ingreso#18 2026-01-27 | ingreso#19 2026-01-28 | ingreso#20 2026-01-29 | ingreso#21 2026-01-30 | ingreso#22 2026-01-31"
"2024-12","2024","12","410000200000000000002","VENTAS AL 0%","acreedora","7559627.12","8639972.02","1080344.90","8639972.02","1080344.90","-7559627.12","8639972.02","8639972.02","Cierre ejercicio (Dic/Ene)","ingreso#17 2024-12-26 | diario#4 2024-12-31 | ingreso#1 2024-12-02 | ingreso#2 2024-12-04 | ingreso#3 2024-12-05 | ingreso#4 2024-12-06 | ingreso#5 2024-12-09 | ingreso#6 2024-12-10 | ingreso#7 2024-12-11 | ingreso#8 2024-12-12 | ingreso#9 2024-12-14 | ingreso#10 2024-12-16 | ingreso#11 2024-12-17 | ingreso#12 2024-12-18 | ingreso#13 2024-12-19 | ingreso#14 2024-12-21 | ingreso#15 2024-12-23 | ingreso#16 2024-12-24 | ingreso#18 2024-12-28 | ingreso#19 2024-12-30 | ingreso#20 2024-12-31"
"2025-01","2025","1","410000200000000000002","VENTAS AL 0%","acreedora","8639972.02","797777.22","-7842194.80","0.00","797777.22","797777.22","-8639972.02","8639972.02","Cierre ejercicio (Dic/Ene)","ingreso#1 2025-01-02 | ingreso#2 2025-01-03 | ingreso#3 2025-01-04 | ingreso#4 2025-01-06 | ingreso#5 2025-01-08 | ingreso#6 2025-01-09 | ingreso#7 2025-01-11 | ingreso#8 2025-01-13 | ingreso#9 2025-01-14 | ingreso#10 2025-01-15 | ingreso#11 2025-01-16 | ingreso#12 2025-01-17 | ingreso#13 2025-01-18 | ingreso#15 2025-01-22 | ingreso#14 2025-01-20 | ingreso#16 2025-01-22 | ingreso#17 2025-01-23 | ingreso#18 2025-01-25 | ingreso#19 2025-01-29 | ingreso#20 2025-01-31 | ingreso#21 2025-01-31"
"2025-12","2025","12","500000100000000000002","COSTO DE VENTAS","deudora","6740611.88","7271093.43","530481.55","530481.55","7271093.43","-6740611.88","7271093.43","7271093.43","Cierre ejercicio (Dic/Ene)","egreso#11 2025-12-08 | egreso#14 2025-12-08 | egreso#15 2025-12-08 | diario#100001 2025-12-01 | diario#100013 2025-12-08 | diario#10 2025-12-04 | egreso#54 2025-12-19 | egreso#55 2025-12-19 | egreso#59 2025-12-22 | egreso#63 2025-12-23 | egreso#87 2025-12-30 | egreso#89 2025-12-30 | egreso#90 2025-12-30 | diario#100027 2025-12-16 | diario#100028 2025-12-16 | diario#100030 2025-12-16 | diario#3 2025-12-31 | egreso#1 2025-12-02 | egreso#2 2025-12-02 | egreso#6 2025-12-04 | egreso#7 2025-12-04 | egreso#19 2025-12-09 | egreso#20 2025-12-09 | egreso#21 2025-12-10 | egreso#23 2025-12-11 | egreso#26 2025-12-12 | egreso#27 2025-12-12 | egreso#28 2025-12-12 | egreso#34 2025-12-15 | egreso#35 2025-12-15 | egreso#36 2025-12-15 | egreso#38 2025-12-15 | diario#100014 2025-12-08 | diario#100015 2025-12-08 | diario#100016 2025-12-09 | diario#100017 2025-12-10 | diario#6 2025-12-02 | diario#15 2025-12-06 | diario#18 2025-12-09 | diario#21 2025-12-10 | diario#24 2025-12-11 | diario#26 2025-12-12 | egreso#42 2025-12-17 | egreso#44 2025-12-18 | egreso#45 2025-12-18 | egreso#48 2025-12-18 | egreso#49 2025-12-18 | egreso#51 2025-12-19 | egreso#52 2025-12-19 | egreso#53 2025-12-19 | egreso#66 2025-12-23 | egreso#72 2025-12-27 | egreso#73 2025-12-27 | egreso#75 2025-12-27 | egreso#83 2025-12-30 | egreso#84 2025-12-30 | diario#100037 2025-12-19 | diario#100044 2025-12-23 | diario#100046 2025-12-23 | diario#100047 2025-12-23 | diario#100055 2025-12-29 | diario#100057 2025-12-29 | diario#100059 2025-12-29 | diario#35 2025-12-18 | diario#37 2025-12-19 | diario#40 2025-12-22 | diario#43 2025-12-23 | diario#47 2025-12-26 | diario#49 2025-12-28 | diario#52 2025-12-30 | diario#100056 2025-12-29 | diario#100045 2025-12-23 | diario#100026 2025-12-16 | egreso#92 2025-12-30 | egreso#94 2025-12-31 | diario#100062 2025-12-31 | diario#53 2025-12-31"
"2026-01","2026","1","500000100000000000002","COSTO DE VENTAS","deudora","7271093.43","430463.60","-6840629.83","430986.80","523.20","430463.60","-7271093.43","7271093.43","Cierre ejercicio (Dic/Ene)","egreso#18 2026-01-12 | egreso#21 2026-01-14 | egreso#23 2026-01-15 | egreso#27 2026-01-19 | egreso#32 2026-01-19 | diario#100028 2026-01-12 | diario#100036 2026-01-19 | diario#100037 2026-01-19 | diario#100038 2026-01-19 | diario#100040 2026-01-19 | diario#100041 2026-01-19 | egreso#69 2026-01-30 | egreso#73 2026-01-31 | diario#2 2026-01-02 | diario#32 2026-01-22 | egreso#5 2026-01-05 | egreso#6 2026-01-06 | egreso#8 2026-01-07 | egreso#12 2026-01-08 | egreso#14 2026-01-09 | diario#100013 2026-01-06 | diario#100014 2026-01-06 | diario#100021 2026-01-12 | diario#100022 2026-01-12 | diario#100024 2026-01-12 | diario#100025 2026-01-12 | diario#4 2026-01-03 | diario#10 2026-01-07 | diario#14 2026-01-09 | diario#19 2026-01-12 | diario#20 2026-01-13 | diario#22 2026-01-14 | egreso#33 2026-01-20 | egreso#35 2026-01-21 | egreso#36 2026-01-21 | egreso#40 2026-01-22 | egreso#42 2026-01-23 | egreso#45 2026-01-23 | egreso#46 2026-01-23 | egreso#52 2026-01-26 | egreso#53 2026-01-26 | egreso#54 2026-01-27 | egreso#55 2026-01-27 | egreso#56 2026-01-27 | egreso#60 2026-01-29 | egreso#62 2026-01-29 | egreso#63 2026-01-29 | diario#100023 2026-01-12 | diario#100048 2026-01-24 | diario#100051 2026-01-26 | diario#100052 2026-01-26 | diario#100054 2026-01-26 | diario#35 2026-01-23 | diario#40 2026-01-28 | diario#100053 2026-01-26 | diario#100061 2026-01-30 | diario#100065 2026-01-31 | diario#100066 2026-01-31 | egreso#65 2026-01-29 | egreso#68 2026-01-30 | diario#42 2026-01-29 | diario#45 2026-01-30 | diario#47 2026-01-31 | diario#100043 2026-01-22 | diario#100060 2026-01-30"
"2024-12","2024","12","500000100000000000002","COSTO DE VENTAS","deudora","5354824.67","6343754.48","988929.81","991597.37","6346422.04","-5354824.67","6343754.48","6343754.48","Cierre ejercicio (Dic/Ene)","diario#100030 2024-12-13 | diario#100037 2024-12-17 | diario#100040 2024-12-17 | diario#100041 2024-12-17 | diario#100042 2024-12-17 | diario#100043 2024-12-17 | diario#100044 2024-12-17 | diario#100045 2024-12-17 | diario#100046 2024-12-17 | diario#100047 2024-12-17 | diario#100048 2024-12-17 | diario#100049 2024-12-17 | diario#100050 2024-12-17 | diario#100051 2024-12-17 | diario#100021 2024-12-09 | diario#100070 2024-12-24 | diario#100072 2024-12-26 | diario#100073 2024-12-27 | diario#100075 2024-12-27 | diario#100082 2024-12-30 | egreso#66 2024-12-30 | egreso#67 2024-12-31 | diario#100057 2024-12-20 | diario#100083 2024-12-30 | diario#100084 2024-12-30 | diario#100085 2024-12-30 | egreso#74 2024-12-31 | diario#100020 2024-12-09 | diario#100022 2024-12-09 | diario#100023 2024-12-09 | diario#100024 2024-12-09 | diario#100025 2024-12-09 | diario#100026 2024-12-09 | diario#100027 2024-12-09 | diario#100029 2024-12-13 | diario#47 2024-12-18 | egreso#1 2024-12-01 | egreso#6 2024-12-04 | egreso#7 2024-12-04 | egreso#11 2024-12-09 | egreso#12 2024-12-09 | egreso#13 2024-12-09 | egreso#18 2024-12-09 | egreso#19 2024-12-11 | egreso#23 2024-12-12 | egreso#24 2024-12-12 | egreso#29 2024-12-17 | egreso#30 2024-12-17 | egreso#32 2024-12-17 | egreso#33 2024-12-17 | egreso#36 2024-12-18 | egreso#37 2024-12-18 | diario#100001 2024-12-02 | diario#100002 2024-12-02 | diario#100003 2024-12-02 | diario#100005 2024-12-03 | diario#100008 2024-12-03 | diario#100009 2024-12-05 | diario#100011 2024-12-06 | diario#100015 2024-12-09 | diario#100018 2024-12-09 | diario#100019 2024-12-09 | diario#9 2024-12-05 | egreso#39 2024-12-19 | egreso#44 2024-12-26 | egreso#51 2024-12-28 | diario#100054 2024-12-20 | diario#100058 2024-12-20 | diario#100065 2024-12-23 | diario#100066 2024-12-23 | diario#100067 2024-12-23 | diario#100068 2024-12-23 | diario#100069 2024-12-23 | egreso#53 2024-12-30 | egreso#54 2024-12-30 | egreso#56 2024-12-30 | egreso#57 2024-12-30 | diario#100038 2024-12-17 | diario#100039 2024-12-17 | egreso#58 2024-12-30 | egreso#59 2024-12-30 | egreso#60 2024-12-30 | egreso#61 2024-12-30 | egreso#64 2024-12-30 | egreso#65 2024-12-30 | diario#100086 2024-12-31 | diario#100088 2024-12-31 | diario#100089 2024-12-31 | diario#100090 2024-12-31 | diario#100091 2024-12-31 | diario#100092 2024-12-31 | diario#100093 2024-12-31 | diario#100094 2024-12-31 | diario#100095 2024-12-31 | diario#100096 2024-12-31 | diario#100099 2024-12-31 | diario#100062 2024-12-23 | diario#100074 2024-12-27 | diario#42 2024-12-19 | diario#43 2024-12-21 | diario#44 2024-12-30 | diario#4 2024-12-31"
"2025-01","2025","1","500000100000000000002","COSTO DE VENTAS","deudora","6343754.48","643424.43","-5700330.05","643424.43","0.00","643424.43","-6343754.48","6343754.48","Cierre ejercicio (Dic/Ene)","egreso#5 2025-01-07 | egreso#6 2025-01-07 | egreso#7 2025-01-08 | egreso#8 2025-01-08 | egreso#9 2025-01-09 | egreso#12 2025-01-09 | egreso#13 2025-01-09 | egreso#14 2025-01-09 | egreso#16 2025-01-10 | egreso#22 2025-01-15 | egreso#23 2025-01-15 | egreso#26 2025-01-15 | egreso#27 2025-01-16 | egreso#28 2025-01-16 | egreso#29 2025-01-16 | egreso#30 2025-01-16 | egreso#33 2025-01-17 | diario#100003 2025-01-06 | diario#100004 2025-01-06 | diario#100005 2025-01-06 | diario#100006 2025-01-06 | diario#100008 2025-01-06 | diario#100021 2025-01-07 | diario#100023 2025-01-10 | diario#100025 2025-01-10 | diario#100026 2025-01-10 | diario#100027 2025-01-10 | diario#100028 2025-01-10 | diario#100029 2025-01-10 | diario#100030 2025-01-10 | diario#100032 2025-01-13 | diario#100033 2025-01-13 | diario#100059 2025-01-17 | egreso#2 2025-01-04 | egreso#1 2025-01-03 | diario#100060 2025-01-17 | diario#100061 2025-01-17 | diario#100048 2025-01-13 | diario#100049 2025-01-13 | diario#100051 2025-01-14 | diario#100057 2025-01-16 | diario#100034 2025-01-13 | diario#100036 2025-01-13 | diario#100038 2025-01-13 | diario#100040 2025-01-13 | diario#100042 2025-01-13 | diario#100043 2025-01-13 | diario#100044 2025-01-13 | diario#100045 2025-01-13 | diario#100046 2025-01-13 | diario#100047 2025-01-13 | diario#100067 2025-01-20 | diario#21 2025-01-07 | diario#22 2025-01-13 | diario#23 2025-01-13 | diario#24 2025-01-14 | diario#25 2025-01-20 | diario#26 2025-01-21 | egreso#39 2025-01-22 | egreso#41 2025-01-22 | egreso#45 2025-01-22 | egreso#46 2025-01-23 | egreso#47 2025-01-23 | egreso#50 2025-01-24 | egreso#51 2025-01-24 | egreso#52 2025-01-24 | egreso#53 2025-01-24 | egreso#57 2025-01-28 | egreso#58 2025-01-29 | egreso#59 2025-01-29 | egreso#60 2025-01-29 | egreso#61 2025-01-29 | egreso#62 2025-01-30 | egreso#63 2025-01-30 | diario#100002 2025-01-03 | diario#100024 2025-01-10 | diario#100058 2025-01-17 | diario#100071 2025-01-23 | diario#100073 2025-01-23 | diario#100074 2025-01-23 | diario#100075 2025-01-24 | diario#100076 2025-01-24 | diario#100080 2025-01-27 | diario#100088 2025-01-27 | diario#100092 2025-01-28 | diario#100094 2025-01-30 | diario#100095 2025-01-30 | diario#100096 2025-01-30 | diario#100097 2025-01-31 | diario#100098 2025-01-31 | diario#43 2025-01-23 | diario#44 2025-01-24 | diario#46 2025-01-28"
"2023-12","2023","12","410000200000000000002","VENTAS AL 0%","acreedora","1415545.41","2039385.94","623840.53","2039385.94","623840.53","-1415545.41","2039385.94","2039385.94","Cierre ejercicio (Dic/Ene)","ingreso#1 2023-12-02 | ingreso#2 2023-12-04 | ingreso#3 2023-12-05 | ingreso#4 2023-12-06 | ingreso#5 2023-12-07 | ingreso#6 2023-12-08 | ingreso#7 2023-12-09 | ingreso#8 2023-12-11 | ingreso#9 2023-12-12 | ingreso#10 2023-12-13 | ingreso#11 2023-12-14 | ingreso#12 2023-12-15 | ingreso#13 2023-12-16 | ingreso#14 2023-12-18 | ingreso#15 2023-12-19 | ingreso#16 2023-12-20 | ingreso#17 2023-12-21 | diario#2 2023-12-31 | ingreso#18 2023-12-22 | ingreso#19 2023-12-23 | ingreso#20 2023-12-26 | ingreso#21 2023-12-27 | ingreso#22 2023-12-28 | ingreso#23 2023-12-30"
"2024-01","2024","1","410000200000000000002","VENTAS AL 0%","acreedora","2039385.94","476350.62","-1563035.32","0.00","476350.62","476350.62","-2039385.94","2039385.94","Cierre ejercicio (Dic/Ene)","ingreso#1 2024-01-02 | ingreso#2 2024-01-03 | ingreso#3 2024-01-04 | ingreso#4 2024-01-06 | ingreso#5 2024-01-08 | ingreso#6 2024-01-09 | ingreso#7 2024-01-10 | ingreso#8 2024-01-11 | ingreso#9 2024-01-13 | ingreso#10 2024-01-15 | ingreso#11 2024-01-16 | ingreso#12 2024-01-17 | ingreso#13 2024-01-19 | ingreso#14 2024-01-20 | ingreso#15 2024-01-22 | ingreso#16 2024-01-23 | ingreso#17 2024-01-25 | ingreso#18 2024-01-26 | ingreso#19 2024-01-27 | ingreso#20 2024-01-29 | ingreso#21 2024-01-30 | ingreso#22 2024-01-31"
"2025-12","2025","12","610000100000000000002","SUELDOS Y SALARIOS","deudora","1556462.05","1699254.10","142792.05","142792.05","1699254.10","-1556462.05","1699254.10","1699254.10","Cierre ejercicio (Dic/Ene)","diario#100010 2025-12-06 | diario#3 2025-12-31 | diario#100023 2025-12-13 | diario#100041 2025-12-20 | diario#100048 2025-12-27"
"2026-01","2026","1","610000100000000000002","SUELDOS Y SALARIOS","deudora","1699254.10","221788.15","-1477465.95","221788.15","0.00","221788.15","-1699254.10","1699254.10","Cierre ejercicio (Dic/Ene)","diario#100001 2026-01-03 | diario#100071 2026-01-31 | diario#100031 2026-01-17 | diario#100016 2026-01-10 | diario#100047 2026-01-23"
"2023-12","2023","12","500000100000000000002","COSTO DE VENTAS","deudora","875918.10","1384013.92","508095.82","508095.82","1384013.92","-875918.10","1384013.92","1384013.92","Cierre ejercicio (Dic/Ene)","diario#100002 2023-12-04 | diario#100004 2023-12-05 | diario#100005 2023-12-05 | diario#100006 2023-12-08 | diario#100010 2023-12-13 | diario#100011 2023-12-13 | diario#100012 2023-12-13 | diario#100013 2023-12-13 | diario#100014 2023-12-13 | diario#100015 2023-12-15 | diario#100019 2023-12-19 | diario#100020 2023-12-19 | diario#100021 2023-12-19 | diario#100022 2023-12-19 | diario#100023 2023-12-19 | diario#100026 2023-12-20 | diario#100027 2023-12-22 | diario#100028 2023-12-22 | diario#100030 2023-12-27 | diario#100031 2023-12-27 | diario#100032 2023-12-27 | diario#100033 2023-12-27 | diario#100034 2023-12-27 | diario#100035 2023-12-27 | diario#100036 2023-12-27 | diario#100037 2023-12-27 | diario#100038 2023-12-28 | diario#100043 2023-12-29 | diario#100044 2023-12-30 | diario#13 2023-12-29 | diario#2 2023-12-31"
"2024-01","2024","1","500000100000000000002","COSTO DE VENTAS","deudora","1384013.92","286063.67","-1097950.25","286063.67","0.00","286063.67","-1384013.92","1384013.92","Cierre ejercicio (Dic/Ene)","diario#100001 2024-01-04 | diario#100002 2024-01-08 | diario#100004 2024-01-09 | diario#100005 2024-01-09 | diario#100011 2024-01-10 | diario#100012 2024-01-11 | diario#100013 2024-01-12 | diario#100015 2024-01-15 | diario#100018 2024-01-17 | diario#100019 2024-01-17 | diario#100021 2024-01-19 | diario#100022 2024-01-19 | diario#100025 2024-01-22 | diario#100026 2024-01-22 | diario#100027 2024-01-22 | diario#100028 2024-01-22 | diario#100029 2024-01-22 | diario#100030 2024-01-22 | diario#100032 2024-01-26 | diario#100035 2024-01-30 | diario#100036 2024-01-30 | diario#100038 2024-01-30 | diario#100039 2024-01-30 | diario#100040 2024-01-30 | diario#100041 2024-01-30 | diario#100020 2024-01-18 | diario#21 2024-01-30"
"2024-12","2024","12","610000100000000000002","SUELDOS Y SALARIOS","deudora","1038792.05","1133558.60","94766.55","94766.55","1133558.60","-1038792.05","1133558.60","1133558.60","Cierre ejercicio (Dic/Ene)","diario#100010 2024-12-09 | diario#100032 2024-12-16 | diario#100060 2024-12-23 | diario#100077 2024-12-30 | diario#4 2024-12-31"
"2025-01","2025","1","610000100000000000002","SUELDOS Y SALARIOS","deudora","1133558.60","116593.29","-1016965.31","116593.29","0.00","116593.29","-1133558.60","1133558.60","Cierre ejercicio (Dic/Ene)","diario#100007 2025-01-06 | diario#100031 2025-01-13 | diario#100062 2025-01-20 | diario#100078 2025-01-27"
"2025-12","2025","12","330000300000000000002","EJERCICIO 2025","acreedora","0.00","0.00","0.00","474935.98","0.00","-474935.98","474935.98","474935.98","Cierre ejercicio (Dic/Ene)","diario#3 2025-12-31"
"2026-01","2026","1","330000300000000000002","EJERCICIO 2025","acreedora","0.00","-474935.98","-474935.98","0.00","0.00","0.00","-474935.98","474935.98","Cierre ejercicio (Dic/Ene)",""
"2023-12","2023","12","620000100000000000002","SUELDOS Y SALARIOS","deudora","328205.05","409875.18","81670.13","81670.13","409875.18","-328205.05","409875.18","409875.18","Cierre ejercicio (Dic/Ene)","diario#100001 2023-12-01 | diario#100007 2023-12-08 | diario#100016 2023-12-15 | diario#100029 2023-12-22 | diario#100041 2023-12-29 | diario#2 2023-12-31"
"2024-01","2024","1","620000100000000000002","SUELDOS Y SALARIOS","deudora","409875.18","0.00","-409875.18","0.00","0.00","0.00","-409875.18","409875.18","Cierre ejercicio (Dic/Ene)",""
"2024-01","2024","1","112000100100000000003","BANORTE CTA.1226811847","deudora","5821.30","39771.51","33950.21","249689.45","524478.33","-274788.88","308739.09","308739.09","Cierre ejercicio (Dic/Ene)","diario#100001 2024-01-04 | diario#100002 2024-01-08 | diario#100004 2024-01-09 | diario#100005 2024-01-09 | diario#100006 2024-01-09 | diario#100007 2024-01-09 | diario#100008 2024-01-09 | diario#100009 2024-01-09 | diario#100010 2024-01-09 | diario#100011 2024-01-10 | diario#100012 2024-01-11 | diario#100013 2024-01-12 | diario#100015 2024-01-15 | diario#100016 2024-01-16 | diario#100018 2024-01-17 | diario#100019 2024-01-17 | diario#1 2024-01-02 | diario#100021 2024-01-19 | diario#100022 2024-01-19 | diario#100024 2024-01-22 | diario#100025 2024-01-22 | diario#100026 2024-01-22 | diario#100027 2024-01-22 | diario#100028 2024-01-22 | diario#100029 2024-01-22 | diario#100030 2024-01-22 | diario#100031 2024-01-22 | diario#100003 2024-01-08 | diario#100014 2024-01-15 | diario#100023 2024-01-22 | diario#2 2024-01-03 | diario#4 2024-01-05 | diario#5 2024-01-08 | diario#6 2024-01-09 | diario#7 2024-01-10 | diario#8 2024-01-11 | diario#9 2024-01-12 | diario#10 2024-01-15 | diario#11 2024-01-16 | diario#12 2024-01-18 | diario#13 2024-01-19 | diario#14 2024-01-22 | diario#15 2024-01-23 | diario#16 2024-01-24 | diario#17 2024-01-25 | diario#100032 2024-01-26 | diario#100034 2024-01-29 | diario#100035 2024-01-30 | diario#100036 2024-01-30 | diario#100038 2024-01-30 | diario#100039 2024-01-30 | diario#100040 2024-01-30 | diario#100041 2024-01-30 | diario#100042 2024-01-31 | diario#100017 2024-01-16 | diario#100020 2024-01-18 | diario#100033 2024-01-29 | diario#100037 2024-01-30 | diario#3 2024-01-04 | diario#18 2024-01-26 | diario#20 2024-01-30 | diario#22 2024-01-31 | diario#19 2024-01-29 | diario#100043 2024-01-31"
"2025-12","2025","12","610001700000000000002","CUOTA I.M.S.S.","deudora","252625.77","278428.39","25802.62","25802.62","278428.39","-252625.77","278428.39","278428.39","Cierre ejercicio (Dic/Ene)","diario#3 2025-12-31 | diario#54 2025-12-31"
"2026-01","2026","1","610001700000000000002","CUOTA I.M.S.S.","deudora","278428.39","29998.61","-248429.78","29998.61","0.00","29998.61","-278428.39","278428.39","Cierre ejercicio (Dic/Ene)","diario#48 2026-01-31"
"2024-12","2024","12","610001700000000000002","CUOTA I.M.S.S.","deudora","182156.75","200962.69","18805.94","18805.94","200962.69","-182156.75","200962.69","200962.69","Cierre ejercicio (Dic/Ene)","diario#49 2024-12-31 | diario#4 2024-12-31"
"2025-01","2025","1","610001700000000000002","CUOTA I.M.S.S.","deudora","200962.69","21553.30","-179409.39","21553.30","0.00","21553.30","-200962.69","200962.69","Cierre ejercicio (Dic/Ene)","diario#48 2025-01-30"
"2023-12","2023","12","112000100100000000003","BANORTE CTA.1226811847","deudora","34329.55","5821.30","-28508.25","381321.92","594431.67","-213109.75","184601.50","184601.50","Cierre ejercicio (Dic/Ene)","diario#100001 2023-12-01 | diario#100002 2023-12-04 | diario#100003 2023-12-04 | diario#100004 2023-12-05 | diario#100005 2023-12-05 | diario#100006 2023-12-08 | diario#100009 2023-12-11 | diario#100010 2023-12-13 | diario#100008 2023-12-08 | diario#100011 2023-12-13 | diario#100012 2023-12-13 | diario#100013 2023-12-13 | diario#100014 2023-12-13 | diario#100015 2023-12-15 | diario#100018 2023-12-19 | diario#100017 2023-12-19 | diario#100019 2023-12-19 | diario#100020 2023-12-19 | diario#100021 2023-12-19 | diario#100022 2023-12-19 | diario#100023 2023-12-19 | diario#100024 2023-12-20 | diario#100025 2023-12-20 | diario#100026 2023-12-20 | diario#100007 2023-12-08 | diario#2 2023-12-04 | diario#3 2023-12-05 | diario#4 2023-12-06 | diario#5 2023-12-08 | diario#6 2023-12-11 | diario#7 2023-12-13 | diario#8 2023-12-14 | diario#9 2023-12-15 | diario#10 2023-12-15 | diario#11 2023-12-18 | diario#100016 2023-12-15 | diario#100029 2023-12-22 | diario#100041 2023-12-29 | diario#100027 2023-12-22 | diario#100028 2023-12-22 | diario#100030 2023-12-27 | diario#100031 2023-12-27 | diario#100032 2023-12-27 | diario#100033 2023-12-27 | diario#100034 2023-12-27 | diario#100035 2023-12-27 | diario#100036 2023-12-27 | diario#100037 2023-12-27 | diario#100038 2023-12-28 | diario#100042 2023-12-28 | diario#100043 2023-12-29 | diario#100044 2023-12-30 | diario#100045 2023-12-30 | egreso#100001 2023-12-30 | diario#16 2023-12-19 | diario#17 2023-12-21 | diario#18 2023-12-22 | diario#19 2023-12-23 | diario#20 2023-12-16 | diario#21 2023-12-25 | diario#22 2023-12-27 | diario#23 2023-12-28 | diario#24 2023-12-29 | diario#25 2023-12-30"
"2025-12","2025","12","720000100000000000002","INTERESES BANCARIOS A CARGO","deudora","127665.30","137602.67","9937.37","9937.37","137602.67","-127665.30","137602.67","137602.67","Cierre ejercicio (Dic/Ene)","diario#100009 2025-12-05 | diario#3 2025-12-31"
"2026-01","2026","1","720000100000000000002","INTERESES BANCARIOS A CARGO","deudora","137602.67","9742.18","-127860.49","9742.18","0.00","9742.18","-137602.67","137602.67","Cierre ejercicio (Dic/Ene)","diario#100011 2026-01-05"
"2024-12","2024","12","610002700000000000002","RENTA DE LOCALES","deudora","60000.00","121800.00","61800.00","61800.00","121800.00","-60000.00","121800.00","121800.00","Cierre ejercicio (Dic/Ene)","diario#7 2024-12-04 | diario#45 2024-12-31 | diario#4 2024-12-31"
"2025-01","2025","1","610002700000000000002","RENTA DE LOCALES","deudora","121800.00","0.00","-121800.00","0.00","0.00","0.00","-121800.00","121800.00","Cierre ejercicio (Dic/Ene)",""
"2025-12","2025","12","610000200000000000002","ASIMILADOS A SALARIOS","deudora","107211.80","121379.42","14167.62","14167.62","121379.42","-107211.80","121379.42","121379.42","Cierre ejercicio (Dic/Ene)","diario#3 2025-12-31 | diario#100061 2025-12-31"
"2026-01","2026","1","610000200000000000002","ASIMILADOS A SALARIOS","deudora","121379.42","10012.56","-111366.86","10012.56","0.00","10012.56","-121379.42","121379.42","Cierre ejercicio (Dic/Ene)","diario#100062 2026-01-30"
"2023-11","2023","11","112000100100000000003","BANORTE CTA.1226811847","deudora","18118.00","34329.55","16211.55","258592.47","361447.60","-102855.13","119066.68","119066.68","Ajuste manual sin póliza","diario#100001 2023-11-01 | diario#100003 2023-11-03 | diario#100004 2023-11-06 | diario#100005 2023-11-06 | diario#100006 2023-11-06 | diario#100008 2023-11-06 | diario#100009 2023-11-07 | diario#100010 2023-11-07 | diario#100011 2023-11-08 | diario#100012 2023-11-08 | diario#100007 2023-11-06 | diario#100013 2023-11-09 | diario#100014 2023-11-10 | diario#100015 2023-11-13 | diario#100018 2023-11-17 | diario#100020 2023-11-21 | diario#100021 2023-11-21 | diario#100022 2023-11-21 | diario#100023 2023-11-21 | diario#100025 2023-11-21 | diario#100026 2023-11-21 | diario#1 2023-11-03 | diario#2 2023-11-06 | diario#3 2023-11-07 | diario#4 2023-11-08 | diario#5 2023-11-10 | diario#6 2023-11-13 | diario#7 2023-11-14 | diario#8 2023-11-15 | diario#9 2023-11-16 | diario#10 2023-11-17 | diario#11 2023-11-21 | diario#100027 2023-11-22 | diario#100002 2023-11-01 | diario#100016 2023-11-13 | diario#100024 2023-11-21 | diario#100019 2023-11-17 | diario#100029 2023-11-22 | diario#100032 2023-11-27 | diario#100031 2023-11-25 | diario#100028 2023-11-25 | diario#12 2023-11-22 | diario#13 2023-11-23 | diario#14 2023-11-24 | diario#15 2023-11-27 | diario#16 2023-11-28 | diario#17 2023-11-29 | diario#18 2023-11-30 | diario#100033 2023-11-28 | diario#100034 2023-11-28 | diario#100035 2023-11-28 | diario#100030 2023-11-24 | diario#100037 2023-11-30 | diario#100017 2023-11-14 | diario#100036 2023-11-30"
"2025-12","2025","12","610005700000000000002","CESANTIA Y VEJEZ","deudora","97042.41","117484.60","20442.19","20442.19","117484.60","-97042.41","117484.60","117484.60","Cierre ejercicio (Dic/Ene)","diario#54 2025-12-31 | diario#3 2025-12-31"
"2026-01","2026","1","610005700000000000002","CESANTIA Y VEJEZ","deudora","117484.60","0.00","-117484.60","0.00","0.00","0.00","-117484.60","117484.60","Cierre ejercicio (Dic/Ene)",""
"2023-10","2023","10","112000100100000000003","BANORTE CTA.1226811847","deudora","28417.66","18118.00","-10299.66","283959.80","403072.12","-119112.32","108812.66","108812.66","Ajuste manual sin póliza","diario#100001 2023-10-02 | diario#100002 2023-10-09 | diario#100003 2023-10-10 | diario#100005 2023-10-13 | diario#1 2023-10-02 | diario#2 2023-10-03 | diario#3 2023-10-04 | diario#5 2023-10-06 | diario#6 2023-10-09 | diario#7 2023-10-10 | diario#8 2023-10-11 | diario#100008 2023-10-16 | diario#100009 2023-10-16 | diario#100010 2023-10-20 | diario#100011 2023-10-20 | diario#100012 2023-10-20 | diario#100013 2023-10-20 | diario#100014 2023-10-20 | diario#100015 2023-10-20 | diario#100016 2023-10-20 | diario#100017 2023-10-20 | diario#100018 2023-10-23 | diario#100020 2023-10-24 | diario#100021 2023-10-25 | diario#100022 2023-10-25 | diario#100023 2023-10-25 | diario#100024 2023-10-27 | diario#100025 2023-10-27 | diario#100026 2023-10-27 | diario#9 2023-10-12 | egreso#100003 2023-10-31 | diario#10 2023-10-16 | diario#11 2023-10-17 | diario#100004 2023-10-12 | diario#100006 2023-10-16 | diario#100007 2023-10-16 | diario#100019 2023-10-24 | diario#12 2023-10-19 | diario#13 2023-10-23 | diario#14 2023-10-24 | diario#15 2023-10-24 | diario#16 2023-10-25 | diario#17 2023-10-26 | diario#18 2023-10-27 | diario#19 2023-10-30 | diario#100027 2023-10-31 | diario#20 2023-10-31 | diario#100028 2023-10-31"
"2026-01","2026","1","610004300000000000002","COMBUSTIBLES Y LUBRICANTES","deudora","108126.10","10330.71","-97795.39","10330.71","0.00","10330.71","-108126.10","108126.10","Cierre ejercicio (Dic/Ene)","egreso#20 2026-01-13 | egreso#24 2026-01-17 | egreso#25 2026-01-19 | egreso#1 2026-01-05 | egreso#11 2026-01-07 | egreso#13 2026-01-08 | egreso#17 2026-01-10 | egreso#34 2026-01-20 | egreso#39 2026-01-22 | egreso#47 2026-01-24 | egreso#57 2026-01-28 | egreso#59 2026-01-28 | egreso#64 2026-01-29"
"2025-12","2025","12","610004300000000000002","COMBUSTIBLES Y LUBRICANTES","deudora","97946.39","108126.10","10179.71","10179.71","108126.10","-97946.39","108126.10","108126.10","Cierre ejercicio (Dic/Ene)","egreso#9 2025-12-05 | egreso#10 2025-12-07 | egreso#62 2025-12-22 | diario#3 2025-12-31 | egreso#3 2025-12-03 | egreso#22 2025-12-11 | egreso#33 2025-12-12 | egreso#37 2025-12-15 | egreso#50 2025-12-19 | egreso#65 2025-12-23 | egreso#67 2025-12-24 | egreso#79 2025-12-29 | egreso#80 2025-12-30"
"2022-12","2022","12","117000200000000000002","SOCIOS Y ACCIONISTAS","deudora","0.00","100000.00","100000.00","0.00","0.00","0.00","100000.00","100000.00","Cierre ejercicio (Dic/Ene)",""
"2023-01","2023","1","910000700000000000002","CUCA DE EJERCICIOS ANTERIORES","deudora","0.00","100000.00","100000.00","0.00","0.00","0.00","100000.00","100000.00","Cierre ejercicio (Dic/Ene)",""
"2022-12","2022","12","310000100000000000002","CAPITAL SOCIAL FIJO","acreedora","0.00","100000.00","100000.00","0.00","0.00","0.00","100000.00","100000.00","Cierre ejercicio (Dic/Ene)",""
"2023-01","2023","1","920000700000000000002","CONTRA CTA. CUCA DE EJERCICIOS ANTERIORE","acreedora","0.00","100000.00","100000.00","0.00","0.00","0.00","100000.00","100000.00","Cierre ejercicio (Dic/Ene)",""
"2025-12","2025","12","610002700000000000002","RENTA DE LOCALES","deudora","74200.00","95400.00","21200.00","21200.00","95400.00","-74200.00","95400.00","95400.00","Cierre ejercicio (Dic/Ene)","diario#11 2025-12-04 | diario#3 2025-12-31"
"2026-01","2026","1","610002700000000000002","RENTA DE LOCALES","deudora","95400.00","10600.00","-84800.00","10600.00","0.00","10600.00","-95400.00","95400.00","Cierre ejercicio (Dic/Ene)","diario#9 2026-01-07"
"2025-12","2025","12","610001900000000000002","APORTACIONES AL INFONAVIT","deudora","75357.76","91351.26","15993.50","15993.50","91351.26","-75357.76","91351.26","91351.26","Cierre ejercicio (Dic/Ene)","diario#3 2025-12-31 | diario#54 2025-12-31"
"2026-01","2026","1","610001900000000000002","APORTACIONES AL INFONAVIT","deudora","91351.26","0.00","-91351.26","0.00","0.00","0.00","-91351.26","91351.26","Cierre ejercicio (Dic/Ene)",""
"2024-12","2024","12","610000200000000000002","ASIMILADOS A SALARIOS","deudora","81645.41","89032.00","7386.59","7386.59","89032.00","-81645.41","89032.00","89032.00","Cierre ejercicio (Dic/Ene)","diario#100097 2024-12-31 | diario#4 2024-12-31"
"2025-01","2025","1","610000200000000000002","ASIMILADOS A SALARIOS","deudora","89032.00","7947.61","-81084.39","7947.61","0.00","7947.61","-89032.00","89032.00","Cierre ejercicio (Dic/Ene)","diario#100099 2025-01-31"
"2023-12","2023","12","330000100000000000002","RESULTADO EJERCICIO #","acreedora","0.00","0.00","0.00","87734.38","0.00","-87734.38","87734.38","87734.38","Cierre ejercicio (Dic/Ene)","diario#2 2023-12-31"
"2024-01","2024","1","330000100000000000002","RESULTADO EJERCICIO #","acreedora","0.00","-87734.38","-87734.38","0.00","0.00","0.00","-87734.38","87734.38","Cierre ejercicio (Dic/Ene)",""
"2025-12","2025","12","610003800000000000002","MENSAJERIA","deudora","84200.00","84200.00","0.00","0.00","84200.00","-84200.00","84200.00","84200.00","Cierre ejercicio (Dic/Ene)","diario#3 2025-12-31"
"2026-01","2026","1","610003800000000000002","MENSAJERIA","deudora","84200.00","10600.00","-73600.00","10600.00","0.00","10600.00","-84200.00","84200.00","Cierre ejercicio (Dic/Ene)","diario#9 2026-01-07"
"2024-12","2024","12","610004300000000000002","COMBUSTIBLES Y LUBRICANTES","deudora","74003.63","80931.21","6927.58","6927.58","80931.21","-74003.63","80931.21","80931.21","Cierre ejercicio (Dic/Ene)","egreso#69 2024-12-31 | egreso#70 2024-12-31 | egreso#71 2024-12-31 | egreso#72 2024-12-31 | egreso#10 2024-12-07 | egreso#26 2024-12-13 | egreso#42 2024-12-19 | egreso#50 2024-12-28 | diario#4 2024-12-31"
"2025-01","2025","1","610004300000000000002","COMBUSTIBLES Y LUBRICANTES","deudora","80931.21","8754.64","-72176.57","8754.64","0.00","8754.64","-80931.21","80931.21","Cierre ejercicio (Dic/Ene)","egreso#3 2025-01-06 | egreso#19 2025-01-13 | egreso#44 2025-01-22 | egreso#38 2025-01-21 | egreso#55 2025-01-28 | egreso#56 2025-01-28 | egreso#65 2025-01-31 | egreso#66 2025-01-31 | egreso#67 2025-01-31 | egreso#68 2025-01-31 | egreso#69 2025-01-31"
"2023-12","2023","12","620001600000000000002","CUOTA I.M.S.S.","deudora","62674.52","76355.05","13680.53","13680.53","76355.05","-62674.52","76355.05","76355.05","Cierre ejercicio (Dic/Ene)","diario#2 2023-12-31 | diario#27 2023-12-31"
"2024-01","2024","1","620001600000000000002","CUOTA I.M.S.S.","deudora","76355.05","0.00","-76355.05","0.00","0.00","0.00","-76355.05","76355.05","Cierre ejercicio (Dic/Ene)",""
"2025-12","2025","12","610000600000000000002","AGUINALDO","deudora","57328.90","71123.77","13794.87","13794.87","71123.77","-57328.90","71123.77","71123.77","Cierre ejercicio (Dic/Ene)","diario#100032 2025-12-17 | diario#3 2025-12-31 | diario#100040 2025-12-19"
"2026-01","2026","1","610000600000000000002","AGUINALDO","deudora","71123.77","0.00","-71123.77","0.00","0.00","0.00","-71123.77","71123.77","Cierre ejercicio (Dic/Ene)",""
"2023-12","2023","12","620002400000000000002","MANTTO. DE OFICINAS","deudora","2200.00","67571.02","65371.02","65371.02","67571.02","-2200.00","67571.02","67571.02","Cierre ejercicio (Dic/Ene)","diario#14 2023-12-30 | diario#2 2023-12-31"
"2024-01","2024","1","620002400000000000002","MANTTO. DE OFICINAS","deudora","67571.02","0.00","-67571.02","0.00","0.00","0.00","-67571.02","67571.02","Cierre ejercicio (Dic/Ene)",""
"2024-12","2024","12","610005700000000000002","CESANTIA Y VEJEZ","deudora","55227.92","67182.56","11954.64","11954.64","67182.56","-55227.92","67182.56","67182.56","Cierre ejercicio (Dic/Ene)","diario#49 2024-12-31 | diario#4 2024-12-31"
"2025-01","2025","1","610005700000000000002","CESANTIA Y VEJEZ","deudora","67182.56","0.00","-67182.56","0.00","0.00","0.00","-67182.56","67182.56","Cierre ejercicio (Dic/Ene)",""
"2024-12","2024","12","610001900000000000002","APORTACIONES AL INFONAVIT","deudora","51269.65","62123.23","10853.58","10853.58","62123.23","-51269.65","62123.23","62123.23","Cierre ejercicio (Dic/Ene)","diario#49 2024-12-31 | diario#4 2024-12-31"
"2025-01","2025","1","610001900000000000002","APORTACIONES AL INFONAVIT","deudora","62123.23","0.00","-62123.23","0.00","0.00","0.00","-62123.23","62123.23","Cierre ejercicio (Dic/Ene)",""
"2024-12","2024","12","330000200000000000002","EJERCICIO 2024","acreedora","0.00","0.00","0.00","0.00","61758.88","61758.88","-61758.88","61758.88","Cierre ejercicio (Dic/Ene)","diario#4 2024-12-31"
"2025-01","2025","1","330000200000000000002","EJERCICIO 2024","acreedora","0.00","61758.88","61758.88","0.00","0.00","0.00","61758.88","61758.88","Cierre ejercicio (Dic/Ene)",""
"2025-12","2025","12","610004100000000000002","ENERGIA ELECTRICA","deudora","40462.47","48314.05","7851.58","7851.58","48314.05","-40462.47","48314.05","48314.05","Cierre ejercicio (Dic/Ene)","diario#3 2025-12-31 | diario#22 2025-12-10"
"2026-01","2026","1","610004100000000000002","ENERGIA ELECTRICA","deudora","48314.05","0.00","-48314.05","0.00","0.00","0.00","-48314.05","48314.05","Cierre ejercicio (Dic/Ene)",""
"2024-12","2024","12","610000600000000000002","AGUINALDO","deudora","29025.45","48232.65","19207.20","19207.20","48232.65","-29025.45","48232.65","48232.65","Cierre ejercicio (Dic/Ene)","diario#100061 2024-12-23 | diario#4 2024-12-31"
"2025-01","2025","1","610000600000000000002","AGUINALDO","deudora","48232.65","0.00","-48232.65","0.00","0.00","0.00","-48232.65","48232.65","Cierre ejercicio (Dic/Ene)",""
"2025-12","2025","12","610002000000000000002","IMPUESTO SOBRE NOMINA","deudora","42769.60","47950.60","5181.00","5181.00","47950.60","-42769.60","47950.60","47950.60","Cierre ejercicio (Dic/Ene)","diario#3 2025-12-31 | diario#55 2025-12-31"
"2026-01","2026","1","610002000000000000002","IMPUESTO SOBRE NOMINA","deudora","47950.60","6954.00","-40996.60","6954.00","0.00","6954.00","-47950.60","47950.60","Cierre ejercicio (Dic/Ene)","diario#49 2026-01-31"
"2024-12","2024","12","610004100000000000002","ENERGIA ELECTRICA","deudora","38686.84","46690.56","8003.72","8003.72","46690.56","-38686.84","46690.56","46690.56","Cierre ejercicio (Dic/Ene)","diario#100056 2024-12-20 | diario#4 2024-12-31"
"2025-01","2025","1","610004100000000000002","ENERGIA ELECTRICA","deudora","46690.56","0.00","-46690.56","0.00","0.00","0.00","-46690.56","46690.56","Cierre ejercicio (Dic/Ene)",""
"2025-12","2025","12","118000200000000000002","ISR A FAVOR","deudora","0.00","0.00","0.00","46531.00","0.00","46531.00","-46531.00","46531.00","Cierre ejercicio (Dic/Ene)","diario#1 2025-12-31"
"2026-01","2026","1","118000200000000000002","ISR A FAVOR","deudora","0.00","46531.00","46531.00","0.00","0.00","0.00","46531.00","46531.00","Cierre ejercicio (Dic/Ene)",""
"2025-12","2025","12","122000100000000000002","PAGOS PROVISIONALES DE ISR","deudora","38863.00","46531.00","7668.00","7668.00","46531.00","-38863.00","46531.00","46531.00","Cierre ejercicio (Dic/Ene)","diario#62 2025-12-31 | diario#1 2025-12-31 | diario#100042 2025-12-22"
"2026-01","2026","1","122000100000000000002","PAGOS PROVISIONALES DE ISR","deudora","46531.00","0.00","-46531.00","0.00","0.00","0.00","-46531.00","46531.00","Cierre ejercicio (Dic/Ene)",""
"2024-12","2024","12","630000200000000000002","DEPRECIACION EQUIPO DE TRANSPORTE","deudora","42196.46","46032.50","3836.04","3836.04","46032.50","-42196.46","46032.50","46032.50","Cierre ejercicio (Dic/Ene)","diario#51 2024-12-31 | diario#4 2024-12-31"
"2025-12","2025","12","630000200000000000002","DEPRECIACION EQUIPO DE TRANSPORTE","deudora","42196.46","46032.50","3836.04","3836.04","46032.50","-42196.46","46032.50","46032.50","Cierre ejercicio (Dic/Ene)","diario#57 2025-12-31 | diario#3 2025-12-31"
"2025-01","2025","1","630000200000000000002","DEPRECIACION EQUIPO DE TRANSPORTE","deudora","46032.50","3836.04","-42196.46","3836.04","0.00","3836.04","-46032.50","46032.50","Cierre ejercicio (Dic/Ene)","diario#49 2025-01-31"
"2026-01","2026","1","630000200000000000002","DEPRECIACION EQUIPO DE TRANSPORTE","deudora","46032.50","3836.04","-42196.46","3836.04","0.00","3836.04","-46032.50","46032.50","Cierre ejercicio (Dic/Ene)","diario#51 2026-01-31"
"2024-03","2024","3","112000100100000000003","BANORTE CTA.1226811847","deudora","80096.82","50957.23","-29139.59","615780.67","689660.74","-73880.07","44740.48","44740.48","Ajuste manual sin póliza","diario#11 2024-03-19 | diario#12 2024-03-20 | diario#1 2024-03-01 | diario#2 2024-03-04 | diario#5 2024-03-07 | diario#6 2024-03-08 | diario#7 2024-03-11 | diario#8 2024-03-12 | diario#3 2024-03-05 | diario#4 2024-03-06 | diario#100004 2024-03-01 | diario#100001 2024-03-01 | diario#100002 2024-03-01 | diario#100003 2024-03-01 | diario#100008 2024-03-05 | diario#100009 2024-03-05 | diario#100014 2024-03-05 | diario#100015 2024-03-05 | diario#100017 2024-03-08 | diario#100019 2024-03-08 | diario#100020 2024-03-11 | diario#100021 2024-03-11 | diario#100024 2024-03-12 | diario#100030 2024-03-13 | diario#100032 2024-03-15 | diario#100033 2024-03-15 | diario#100035 2024-03-19 | diario#100007 2024-03-05 | diario#100018 2024-03-07 | diario#100031 2024-03-13 | diario#100034 2024-03-15 | diario#100027 2024-03-12 | diario#100012 2024-03-05 | diario#100029 2024-03-13 | diario#100023 2024-03-12 | diario#100006 2024-03-04 | diario#100022 2024-03-11 | diario#100025 2024-03-12 | diario#9 2024-03-14 | diario#10 2024-03-15 | diario#13 2024-03-22 | diario#14 2024-03-25 | diario#15 2024-03-26 | diario#16 2024-03-27 | diario#100010 2024-03-06 | diario#100011 2024-03-06 | diario#100013 2024-03-05 | diario#100016 2024-03-06 | diario#100028 2024-03-12 | diario#100026 2024-03-12 | diario#100036 2024-03-19 | diario#100040 2024-03-19 | diario#100041 2024-03-19 | diario#100042 2024-03-19 | diario#100043 2024-03-19 | diario#100044 2024-03-19 | diario#100005 2024-03-04 | diario#100045 2024-03-11 | diario#100037 2024-03-19 | diario#100038 2024-03-19 | diario#100039 2024-03-19 | diario#100046 2024-03-20 | diario#100047 2024-03-20 | diario#100048 2024-03-20 | diario#100049 2024-03-21 | diario#100050 2024-03-22 | diario#100051 2024-03-22 | diario#100052 2024-03-22 | diario#100053 2024-03-25 | diario#100054 2024-03-25 | diario#100055 2024-03-25 | diario#100056 2024-03-25 | diario#100057 2024-03-25 | diario#100058 2024-03-27 | diario#100059 2024-03-28 | diario#100060 2024-03-28 | diario#100061 2024-03-28 | diario#100062 2024-03-28 | diario#100063 2024-03-28 | diario#100064 2024-03-28 | diario#100065 2024-03-28 | diario#100066 2024-03-28 | diario#100067 2024-03-28 | diario#17 2024-03-28 | diario#18 2024-03-28"
"2024-01","2024","1","620000200000000000002","ASIMILADOS A SALARIOS","deudora","41979.88","0.00","-41979.88","0.00","0.00","0.00","-41979.88","41979.88","Cierre ejercicio (Dic/Ene)",""
"2023-12","2023","12","620000200000000000002","ASIMILADOS A SALARIOS","deudora","35042.15","41979.88","6937.73","6937.73","41979.88","-35042.15","41979.88","41979.88","Cierre ejercicio (Dic/Ene)","diario#100025 2023-12-20 | diario#2 2023-12-31"
"2024-12","2024","12","610003800000000000002","MENSAJERIA","deudora","40000.00","40000.00","0.00","0.00","40000.00","-40000.00","40000.00","40000.00","Cierre ejercicio (Dic/Ene)","diario#4 2024-12-31"
"2025-01","2025","1","610003800000000000002","MENSAJERIA","deudora","40000.00","0.00","-40000.00","0.00","0.00","0.00","-40000.00","40000.00","Cierre ejercicio (Dic/Ene)",""
"2025-12","2025","12","610001800000000000002","APORTACIONES AL SAR","deudora","30307.29","36704.62","6397.33","6397.33","36704.62","-30307.29","36704.62","36704.62","Cierre ejercicio (Dic/Ene)","diario#3 2025-12-31 | diario#54 2025-12-31"
"2026-01","2026","1","610001800000000000002","APORTACIONES AL SAR","deudora","36704.62","0.00","-36704.62","0.00","0.00","0.00","-36704.62","36704.62","Cierre ejercicio (Dic/Ene)",""
"2025-12","2025","12","610002300000000000002","MANTTO. EQUIPO DE TRANSPORTE","deudora","32956.46","36693.53","3737.07","3737.07","36693.53","-32956.46","36693.53","36693.53","Cierre ejercicio (Dic/Ene)","diario#3 2025-12-31 | egreso#24 2025-12-11 | egreso#29 2025-12-12 | egreso#78 2025-12-29"
"2026-01","2026","1","610002300000000000002","MANTTO. EQUIPO DE TRANSPORTE","deudora","36693.53","0.00","-36693.53","0.00","0.00","0.00","-36693.53","36693.53","Cierre ejercicio (Dic/Ene)",""
"2024-12","2024","12","610002300000000000002","MANTTO. EQUIPO DE TRANSPORTE","deudora","21402.16","33909.05","12506.89","12506.89","33909.05","-21402.16","33909.05","33909.05","Cierre ejercicio (Dic/Ene)","egreso#22 2024-12-11 | egreso#28 2024-12-16 | egreso#35 2024-12-17 | egreso#43 2024-12-26 | diario#4 2024-12-31"
"2025-01","2025","1","610002300000000000002","MANTTO. EQUIPO DE TRANSPORTE","deudora","33909.05","500.00","-33409.05","500.00","0.00","500.00","-33909.05","33909.05","Cierre ejercicio (Dic/Ene)","egreso#70 2025-01-31"
"2025-12","2025","12","610002900000000000002","PAPELERIA Y ARTICULOS PARA OFICINA","deudora","32183.41","32887.28","703.87","703.87","32887.28","-32183.41","32887.28","32887.28","Cierre ejercicio (Dic/Ene)","egreso#41 2025-12-15 | diario#3 2025-12-31 | egreso#25 2025-12-12"
"2026-01","2026","1","610002900000000000002","PAPELERIA Y ARTICULOS PARA OFICINA","deudora","32887.28","1031.88","-31855.40","1031.88","0.00","1031.88","-32887.28","32887.28","Cierre ejercicio (Dic/Ene)","egreso#22 2026-01-15 | egreso#58 2026-01-28"
"2025-12","2025","12","410000100000000000002","VENTAS AL 16%","acreedora","26948.40","29719.70","2771.30","29719.70","2771.30","-26948.40","29719.70","29719.70","Cierre ejercicio (Dic/Ene)","diario#3 2025-12-31 | ingreso#12 2025-12-15"
"2026-01","2026","1","410000100000000000002","VENTAS AL 16%","acreedora","29719.70","2758.91","-26960.79","0.00","2758.91","2758.91","-29719.70","29719.70","Cierre ejercicio (Dic/Ene)","ingreso#5 2026-01-08"
"2023-08","2023","8","112000100100000000003","BANORTE CTA.1226811847","deudora","193.72","73230.64","73036.92","188045.94","143707.02","44338.92","28698.00","28698.00","Ajuste manual sin póliza","diario#100001 2023-08-04 | diario#100002 2023-08-07 | diario#100003 2023-08-11 | diario#100004 2023-08-11 | diario#100005 2023-08-17 | diario#100006 2023-08-18 | diario#1 2023-08-04 | diario#2 2023-08-08 | diario#3 2023-08-09 | diario#5 2023-08-12 | diario#6 2023-08-14 | diario#7 2023-08-15 | diario#8 2023-08-18 | diario#9 2023-08-22 | diario#100007 2023-08-19 | diario#100008 2023-08-21 | diario#100009 2023-08-25 | diario#100010 2023-08-28 | diario#100011 2023-08-31 | diario#4 2023-08-11 | diario#10 2023-08-24 | diario#11 2023-08-25 | diario#12 2023-08-28 | diario#13 2023-08-29 | diario#14 2023-08-30 | diario#15 2023-08-31"
"2025-12","2025","12","610002500000000000002","MANTTO. DE OFICINAS","deudora","26581.02","26667.23","86.21","86.21","26667.23","-26581.02","26667.23","26667.23","Cierre ejercicio (Dic/Ene)","egreso#12 2025-12-08 | diario#3 2025-12-31"
"2026-01","2026","1","610002500000000000002","MANTTO. DE OFICINAS","deudora","26667.23","0.00","-26667.23","0.00","0.00","0.00","-26667.23","26667.23","Cierre ejercicio (Dic/Ene)",""
"2024-02","2024","2","112000100100000000003","BANORTE CTA.1226811847","deudora","39771.51","80096.82","40325.31","531104.46","516545.35","14559.11","25766.20","25766.20","Ajuste manual sin póliza","diario#100001 2024-02-06 | diario#100002 2024-02-06 | diario#100003 2024-02-06 | diario#100004 2024-02-06 | diario#100005 2024-02-09 | diario#100006 2024-02-09 | diario#100007 2024-02-12 | diario#100010 2024-02-13 | diario#100009 2024-02-13 | diario#100012 2024-02-14 | diario#100013 2024-02-14 | diario#100014 2024-02-14 | diario#100016 2024-02-16 | diario#100017 2024-02-19 | diario#100018 2024-02-19 | diario#100019 2024-02-19 | diario#100020 2024-02-19 | diario#100021 2024-02-19 | diario#100008 2024-02-12 | diario#100011 2024-02-14 | diario#100015 2024-02-14 | diario#1 2024-02-01 | diario#2 2024-02-02 | diario#3 2024-02-06 | diario#4 2024-02-07 | diario#5 2024-02-09 | diario#6 2024-02-12 | diario#7 2024-02-13 | diario#8 2024-02-14 | diario#9 2024-02-15 | diario#10 2024-02-16 | diario#11 2024-02-19 | diario#12 2024-02-20 | diario#13 2024-02-22 | diario#100022 2024-02-21 | diario#100023 2024-02-21 | diario#100024 2024-02-23 | diario#100025 2024-02-23 | diario#100027 2024-02-26 | diario#100028 2024-02-26 | diario#100029 2024-02-27 | diario#100030 2024-02-27 | diario#100031 2024-02-27 | diario#100033 2024-02-27 | diario#100034 2024-02-27 | diario#100035 2024-02-27 | diario#100036 2024-02-27 | diario#100037 2024-02-27 | diario#14 2024-02-23 | diario#15 2024-02-26 | diario#16 2024-02-27 | diario#100038 2024-02-29 | diario#100039 2024-02-29 | diario#100040 2024-02-29 | diario#100026 2024-02-23 | diario#100032 2024-02-27 | diario#17 2024-02-28 | diario#19 2024-02-29"
"2024-12","2024","12","610001800000000000002","APORTACIONES AL SAR","deudora","20507.95","24849.41","4341.46","4341.46","24849.41","-20507.95","24849.41","24849.41","Cierre ejercicio (Dic/Ene)","diario#49 2024-12-31 | diario#4 2024-12-31"
"2025-01","2025","1","610001800000000000002","APORTACIONES AL SAR","deudora","24849.41","0.00","-24849.41","0.00","0.00","0.00","-24849.41","24849.41","Cierre ejercicio (Dic/Ene)",""
"2024-12","2024","12","610005600000000000002","OTROS GASTOS DE VENTA","deudora","24823.60","24823.60","0.00","0.00","24823.60","-24823.60","24823.60","24823.60","Cierre ejercicio (Dic/Ene)","diario#4 2024-12-31"
"2025-01","2025","1","610005600000000000002","OTROS GASTOS DE VENTA","deudora","24823.60","0.00","-24823.60","0.00","0.00","0.00","-24823.60","24823.60","Cierre ejercicio (Dic/Ene)",""
"2024-01","2024","1","136000200000000000002","DEPRECIACION EQUIPO DE TRANSPORTE","acreedora","-11508.13","15344.17","26852.29","0.00","3836.04","3836.04","23016.25","23016.25","Cierre ejercicio (Dic/Ene)","diario#23 2024-01-31"
"2024-01","2024","1","620004000000000000002","ENERGIA ELECTRICA","deudora","22682.91","0.00","-22682.91","0.00","0.00","0.00","-22682.91","22682.91","Cierre ejercicio (Dic/Ene)",""
"2023-12","2023","12","620004000000000000002","ENERGIA ELECTRICA","deudora","14744.94","22682.91","7937.97","7937.97","22682.91","-14744.94","22682.91","22682.91","Cierre ejercicio (Dic/Ene)","diario#100018 2023-12-19 | diario#2 2023-12-31"
"2023-12","2023","12","620001800000000000002","APORTACIONES AL INFONAVIT","deudora","14323.55","21950.46","7626.91","7626.91","21950.46","-14323.55","21950.46","21950.46","Cierre ejercicio (Dic/Ene)","diario#2 2023-12-31 | diario#27 2023-12-31"
"2024-01","2024","1","620001800000000000002","APORTACIONES AL INFONAVIT","deudora","21950.46","0.00","-21950.46","0.00","0.00","0.00","-21950.46","21950.46","Cierre ejercicio (Dic/Ene)",""
"2023-12","2023","12","620005700000000000002","CESANTIA Y VEJEZ","deudora","13968.25","21406.04","7437.79","7437.79","21406.04","-13968.25","21406.04","21406.04","Cierre ejercicio (Dic/Ene)","diario#27 2023-12-31 | diario#2 2023-12-31"
"2024-01","2024","1","620005700000000000002","CESANTIA Y VEJEZ","deudora","21406.04","0.00","-21406.04","0.00","0.00","0.00","-21406.04","21406.04","Cierre ejercicio (Dic/Ene)",""
"2025-12","2025","12","610007100000000000002","INDEMNIZACION","deudora","20963.18","20963.18","0.00","0.00","20963.18","-20963.18","20963.18","20963.18","Cierre ejercicio (Dic/Ene)","diario#3 2025-12-31"
"2026-01","2026","1","610007100000000000002","INDEMNIZACION","deudora","20963.18","0.00","-20963.18","0.00","0.00","0.00","-20963.18","20963.18","Cierre ejercicio (Dic/Ene)",""
"2025-12","2025","12","610002100000000000002","DESPENSA Y ART. ASEO PARA OFNA","deudora","16921.53","20249.74","3328.21","3328.21","20249.74","-16921.53","20249.74","20249.74","Cierre ejercicio (Dic/Ene)","egreso#13 2025-12-08 | egreso#57 2025-12-19 | egreso#88 2025-12-30 | diario#3 2025-12-31 | egreso#5 2025-12-04 | egreso#46 2025-12-19 | egreso#64 2025-12-23 | egreso#74 2025-12-27 | egreso#82 2025-12-30 | egreso#85 2025-12-30 | egreso#86 2025-12-30 | egreso#91 2025-12-30"
"2026-01","2026","1","610002100000000000002","DESPENSA Y ART. ASEO PARA OFNA","deudora","20249.74","2016.28","-18233.46","2016.28","0.00","2016.28","-20249.74","20249.74","Cierre ejercicio (Dic/Ene)","egreso#19 2026-01-12 | egreso#26 2026-01-19 | egreso#70 2026-01-30 | egreso#71 2026-01-30 | egreso#7 2026-01-07 | egreso#61 2026-01-29 | egreso#67 2026-01-30"
"2024-01","2024","1","620000500000000000002","AGUINALDO","deudora","19502.87","0.00","-19502.87","0.00","0.00","0.00","-19502.87","19502.87","Cierre ejercicio (Dic/Ene)",""
"2023-12","2023","12","620000500000000000002","AGUINALDO","deudora","2973.06","19502.87","16529.81","16529.81","19502.87","-2973.06","19502.87","19502.87","Cierre ejercicio (Dic/Ene)","diario#100008 2023-12-08 | diario#100007 2023-12-08 | diario#2 2023-12-31"
"2024-12","2024","12","610002100000000000002","DESPENSA Y ART. ASEO PARA OFNA","deudora","18844.43","18903.28","58.85","58.85","18903.28","-18844.43","18903.28","18903.28","Cierre ejercicio (Dic/Ene)","egreso#18 2024-12-09 | egreso#55 2024-12-30 | diario#4 2024-12-31"
"2025-01","2025","1","610002100000000000002","DESPENSA Y ART. ASEO PARA OFNA","deudora","18903.28","0.00","-18903.28","0.00","0.00","0.00","-18903.28","18903.28","Cierre ejercicio (Dic/Ene)",""
"2025-01","2025","1","610002000000000000002","IMPUESTO SOBRE NOMINA","deudora","18901.51","1839.00","-17062.51","1839.00","0.00","1839.00","-18901.51","18901.51","Cierre ejercicio (Dic/Ene)","diario#47 2025-01-31"
"2024-12","2024","12","610002000000000000002","IMPUESTO SOBRE NOMINA","deudora","14464.00","18901.51","4437.51","4437.51","18901.51","-14464.00","18901.51","18901.51","Cierre ejercicio (Dic/Ene)","diario#46 2024-12-31 | diario#4 2024-12-31"
"2025-12","2025","12","630000500000000000002","DEPRECIACION MAQUINARIA Y EQUIPO","deudora","16670.05","18488.19","1818.14","1818.14","18488.19","-16670.05","18488.19","18488.19","Cierre ejercicio (Dic/Ene)","diario#57 2025-12-31 | diario#3 2025-12-31"
"2026-01","2026","1","630000500000000000002","DEPRECIACION MAQUINARIA Y EQUIPO","deudora","18488.19","1818.14","-16670.05","1818.14","0.00","1818.14","-18488.19","18488.19","Cierre ejercicio (Dic/Ene)","diario#51 2026-01-31"
"2024-12","2024","12","610005500000000000002","NO DEDUCIBLES","deudora","4468.43","18182.96","13714.53","13714.53","18182.96","-4468.43","18182.96","18182.96","Cierre ejercicio (Dic/Ene)","egreso#76 2024-12-31 | diario#100056 2024-12-20 | diario#100021 2024-12-09 | diario#4 2024-12-31"
"2025-01","2025","1","610005500000000000002","NO DEDUCIBLES","deudora","18182.96","19.60","-18163.36","19.60","0.00","19.60","-18182.96","18182.96","Cierre ejercicio (Dic/Ene)","diario#100029 2025-01-10 | diario#100086 2025-01-27 | egreso#9 2025-01-09 | egreso#23 2025-01-15 | egreso#30 2025-01-16 | egreso#45 2025-01-22 | egreso#50 2025-01-24 | diario#100101 2025-01-31"
"2025-12","2025","12","610006700000000000002","CASETAS, PEAJES","deudora","14669.03","17898.33","3229.30","3229.30","17898.33","-14669.03","17898.33","17898.33","Cierre ejercicio (Dic/Ene)","egreso#8 2025-12-05 | egreso#17 2025-12-08 | egreso#40 2025-12-15 | egreso#58 2025-12-19 | egreso#60 2025-12-22 | egreso#61 2025-12-22 | egreso#18 2025-12-08 | egreso#31 2025-12-12 | egreso#32 2025-12-12 | egreso#39 2025-12-15 | egreso#47 2025-12-18 | egreso#70 2025-12-27 | egreso#71 2025-12-27 | egreso#76 2025-12-29 | egreso#77 2025-12-29 | diario#3 2025-12-31"
"2026-01","2026","1","610006700000000000002","CASETAS, PEAJES","deudora","17898.33","3882.77","-14015.56","3882.77","0.00","3882.77","-17898.33","17898.33","Cierre ejercicio (Dic/Ene)","egreso#28 2026-01-19 | egreso#29 2026-01-19 | egreso#30 2026-01-19 | egreso#31 2026-01-19 | egreso#2 2026-01-05 | egreso#9 2026-01-07 | egreso#10 2026-01-07 | egreso#15 2026-01-09 | egreso#38 2026-01-21 | egreso#41 2026-01-23 | egreso#49 2026-01-26 | egreso#50 2026-01-26 | egreso#51 2026-01-26 | egreso#66 2026-01-30"
"2024-12","2024","12","610002900000000000002","PAPELERIA Y ARTICULOS PARA OFICINA","deudora","15398.46","17807.25","2408.79","2408.79","17807.25","-15398.46","17807.25","17807.25","Cierre ejercicio (Dic/Ene)","diario#100033 2024-12-16 | egreso#2 2024-12-02 | egreso#52 2024-12-30 | diario#4 2024-12-31"
"2025-01","2025","1","610002900000000000002","PAPELERIA Y ARTICULOS PARA OFICINA","deudora","17807.25","1210.35","-16596.90","1210.35","0.00","1210.35","-17807.25","17807.25","Cierre ejercicio (Dic/Ene)","egreso#20 2025-01-13 | egreso#21 2025-01-15 | egreso#48 2025-01-24 | diario#45 2025-01-27"
"2024-12","2024","12","214000300000000000002","ISR POR PAGAR","acreedora","0.00","0.00","0.00","0.00","17787.64","17787.64","-17787.64","17787.64","Cierre ejercicio (Dic/Ene)","diario#1 2024-12-31"
"2025-01","2025","1","214000300000000000002","ISR POR PAGAR","acreedora","0.00","17787.64","17787.64","0.00","0.00","0.00","17787.64","17787.64","Cierre ejercicio (Dic/Ene)",""
"2024-12","2024","12","610002500000000000002","MANTTO. DE OFICINAS","deudora","16671.51","16705.13","33.62","33.62","16705.13","-16671.51","16705.13","16705.13","Cierre ejercicio (Dic/Ene)","egreso#20 2024-12-11 | diario#4 2024-12-31"
"2025-01","2025","1","610002500000000000002","MANTTO. DE OFICINAS","deudora","16705.13","543.10","-16162.03","543.10","0.00","543.10","-16705.13","16705.13","Cierre ejercicio (Dic/Ene)","egreso#32 2025-01-17"
"2025-12","2025","12","610000700000000000002","VACACIONES","deudora","16002.33","16002.33","0.00","0.00","16002.33","-16002.33","16002.33","16002.33","Cierre ejercicio (Dic/Ene)","diario#3 2025-12-31"
"2026-01","2026","1","610000700000000000002","VACACIONES","deudora","16002.33","0.00","-16002.33","0.00","0.00","0.00","-16002.33","16002.33","Cierre ejercicio (Dic/Ene)",""
"2025-12","2025","12","610005500000000000002","NO DEDUCIBLES","deudora","14440.96","14797.72","356.76","356.76","14797.72","-14440.96","14797.72","14797.72","Cierre ejercicio (Dic/Ene)","diario#3 2025-12-31 | egreso#68 2025-12-24 | diario#60 2025-12-31"
"2026-01","2026","1","610005500000000000002","NO DEDUCIBLES","deudora","14797.72","0.00","-14797.72","0.00","0.00","0.00","-14797.72","14797.72","Cierre ejercicio (Dic/Ene)",""
"2023-12","2023","12","620005900000000000002","RECOLECCION DE BASURA","deudora","0.00","12931.04","12931.04","12931.04","12931.04","0.00","12931.04","12931.04","Cierre ejercicio (Dic/Ene)","diario#12 2023-12-28 | diario#2 2023-12-31"
"2024-01","2024","1","620005900000000000002","RECOLECCION DE BASURA","deudora","12931.04","0.00","-12931.04","0.00","0.00","0.00","-12931.04","12931.04","Cierre ejercicio (Dic/Ene)",""
"2025-12","2025","12","610000800000000000002","PRIMA VACACIONAL","deudora","10134.16","12085.76","1951.60","1951.60","12085.76","-10134.16","12085.76","12085.76","Cierre ejercicio (Dic/Ene)","diario#3 2025-12-31 | diario#100041 2025-12-20"
"2026-01","2026","1","610000800000000000002","PRIMA VACACIONAL","deudora","12085.76","0.00","-12085.76","0.00","0.00","0.00","-12085.76","12085.76","Cierre ejercicio (Dic/Ene)",""
"2023-12","2023","12","630000200000000000002","DEPRECIACION EQUIPO DE TRANSPORTE","deudora","7672.08","11508.13","3836.04","3836.04","11508.13","-7672.09","11508.13","11508.13","Cierre ejercicio (Dic/Ene)","diario#29 2023-12-31 | diario#2 2023-12-31"
"2024-01","2024","1","630000200000000000002","DEPRECIACION EQUIPO DE TRANSPORTE","deudora","11508.13","3836.04","-7672.08","3836.04","0.00","3836.04","-11508.12","11508.12","Cierre ejercicio (Dic/Ene)","diario#23 2024-01-31"
"2025-12","2025","12","610004700000000000002","ALIMENTACION","deudora","11090.08","11090.08","0.00","0.00","11090.08","-11090.08","11090.08","11090.08","Cierre ejercicio (Dic/Ene)","diario#3 2025-12-31"
"2026-01","2026","1","610004700000000000002","ALIMENTACION","deudora","11090.08","0.00","-11090.08","0.00","0.00","0.00","-11090.08","11090.08","Cierre ejercicio (Dic/Ene)",""
"2024-12","2024","12","212000108000000000003","P.T.U.","acreedora","0.00","0.00","0.00","0.00","10667.37","10667.37","-10667.37","10667.37","Cierre ejercicio (Dic/Ene)","diario#1 2024-12-31"
"2025-01","2025","1","212000108000000000003","P.T.U.","acreedora","0.00","10667.37","10667.37","0.00","0.00","0.00","10667.37","10667.37","Cierre ejercicio (Dic/Ene)",""
"2023-12","2023","12","620005800000000000002","INDEMNIZACION","deudora","0.00","10286.37","10286.37","10286.37","10286.37","0.00","10286.37","10286.37","Cierre ejercicio (Dic/Ene)","diario#100007 2023-12-08 | diario#2 2023-12-31"
"2024-01","2024","1","620005800000000000002","INDEMNIZACION","deudora","10286.37","0.00","-10286.37","0.00","0.00","0.00","-10286.37","10286.37","Cierre ejercicio (Dic/Ene)",""
"2025-12","2025","12","610002600000000000002","SEGUROS Y FIANZAS","deudora","8775.81","9522.86","747.05","747.05","9522.86","-8775.81","9522.86","9522.86","Cierre ejercicio (Dic/Ene)","diario#3 2025-12-31 | diario#56 2025-12-31"
"2026-01","2026","1","610002600000000000002","SEGUROS Y FIANZAS","deudora","9522.86","747.05","-8775.81","747.05","0.00","747.05","-9522.86","9522.86","Cierre ejercicio (Dic/Ene)","diario#50 2026-01-31"
"2024-12","2024","12","610005800000000000002","UNIFORMES","deudora","9454.96","9454.96","0.00","0.00","9454.96","-9454.96","9454.96","9454.96","Cierre ejercicio (Dic/Ene)","diario#4 2024-12-31"
"2025-01","2025","1","610005800000000000002","UNIFORMES","deudora","9454.96","0.00","-9454.96","0.00","0.00","0.00","-9454.96","9454.96","Cierre ejercicio (Dic/Ene)",""
"2024-12","2024","12","610006300000000000002","MANTTO. EQ. REFRIGERACION","deudora","8995.68","8995.68","0.00","0.00","8995.68","-8995.68","8995.68","8995.68","Cierre ejercicio (Dic/Ene)","diario#4 2024-12-31"
"2025-01","2025","1","610006300000000000002","MANTTO. EQ. REFRIGERACION","deudora","8995.68","0.00","-8995.68","0.00","0.00","0.00","-8995.68","8995.68","Cierre ejercicio (Dic/Ene)",""
"2023-12","2023","12","620001700000000000002","APORTACIONES AL SAR","deudora","5729.43","8780.23","3050.80","3050.80","8780.23","-5729.43","8780.23","8780.23","Cierre ejercicio (Dic/Ene)","diario#2 2023-12-31 | diario#27 2023-12-31"
"2024-01","2024","1","620001700000000000002","APORTACIONES AL SAR","deudora","8780.23","0.00","-8780.23","0.00","0.00","0.00","-8780.23","8780.23","Cierre ejercicio (Dic/Ene)",""
"2025-12","2025","12","610007000000000000002","HERRAMIENTAS DE TRABAJO","deudora","8507.58","8507.58","0.00","0.00","8507.58","-8507.58","8507.58","8507.58","Cierre ejercicio (Dic/Ene)","diario#3 2025-12-31"
"2026-01","2026","1","610007000000000000002","HERRAMIENTAS DE TRABAJO","deudora","8507.58","0.00","-8507.58","0.00","0.00","0.00","-8507.58","8507.58","Cierre ejercicio (Dic/Ene)",""
"2024-12","2024","12","610002600000000000002","SEGUROS Y FIANZAS","deudora","7100.64","7861.22","760.58","760.58","7861.22","-7100.64","7861.22","7861.22","Cierre ejercicio (Dic/Ene)","diario#50 2024-12-31 | diario#4 2024-12-31"
"2025-01","2025","1","610002600000000000002","SEGUROS Y FIANZAS","deudora","7861.22","760.56","-7100.66","760.56","0.00","760.56","-7861.22","7861.22","Cierre ejercicio (Dic/Ene)","diario#50 2025-01-31"
"2025-12","2025","12","610006300000000000002","MANTTO. EQ. REFRIGERACION","deudora","7829.31","7829.31","0.00","0.00","7829.31","-7829.31","7829.31","7829.31","Cierre ejercicio (Dic/Ene)","diario#3 2025-12-31"
"2026-01","2026","1","610006300000000000002","MANTTO. EQ. REFRIGERACION","deudora","7829.31","0.00","-7829.31","0.00","0.00","0.00","-7829.31","7829.31","Cierre ejercicio (Dic/Ene)",""
"2023-10","2023","10","136000200000000000002","DEPRECIACION EQUIPO DE TRANSPORTE","acreedora","0.00","-3836.04","-3836.04","0.00","3836.04","3836.04","-7672.08","7672.08","Ajuste manual sin póliza","diario#23 2023-10-31"
"2023-12","2023","12","136000200000000000002","DEPRECIACION EQUIPO DE TRANSPORTE","acreedora","-7672.08","-11508.13","-3836.04","0.00","3836.04","3836.04","-7672.08","7672.08","Cierre ejercicio (Dic/Ene)","diario#29 2023-12-31"
"2023-11","2023","11","136000200000000000002","DEPRECIACION EQUIPO DE TRANSPORTE","acreedora","-3836.04","-7672.08","-3836.04","0.00","3836.04","3836.04","-7672.08","7672.08","Ajuste manual sin póliza","diario#22 2023-11-30"
"2024-12","2024","12","610000700000000000002","VACACIONES","deudora","7198.54","7198.54","0.00","0.00","7198.54","-7198.54","7198.54","7198.54","Cierre ejercicio (Dic/Ene)","diario#4 2024-12-31"
"2025-01","2025","1","610000700000000000002","VACACIONES","deudora","7198.54","0.00","-7198.54","0.00","0.00","0.00","-7198.54","7198.54","Cierre ejercicio (Dic/Ene)",""
"2024-12","2024","12","610006700000000000002","CASETAS, PEAJES","deudora","5925.79","7098.21","1172.42","1172.42","7098.21","-5925.79","7098.21","7098.21","Cierre ejercicio (Dic/Ene)","egreso#68 2024-12-31 | egreso#14 2024-12-09 | egreso#16 2024-12-09 | egreso#17 2024-12-09 | egreso#38 2024-12-18 | egreso#40 2024-12-19 | egreso#45 2024-12-26 | egreso#47 2024-12-26 | egreso#46 2024-12-26 | egreso#48 2024-12-26 | diario#4 2024-12-31"
"2025-01","2025","1","610006700000000000002","CASETAS, PEAJES","deudora","7098.21","468.11","-6630.10","468.11","0.00","468.11","-7098.21","7098.21","Cierre ejercicio (Dic/Ene)","egreso#18 2025-01-13 | egreso#42 2025-01-22 | egreso#49 2025-01-24"
"2026-01","2026","1","610005900000000000002","COMISIONES BANCARIAS","deudora","6564.96","1763.35","-4801.61","1763.35","0.00","1763.35","-6564.96","6564.96","Cierre ejercicio (Dic/Ene)","egreso#72 2026-01-31"
"2025-12","2025","12","610005900000000000002","COMISIONES BANCARIAS","deudora","6564.96","6564.96","0.00","0.00","6564.96","-6564.96","6564.96","6564.96","Cierre ejercicio (Dic/Ene)","diario#3 2025-12-31"
"2024-12","2024","12","610000800000000000002","PRIMA VACACIONAL","deudora","3346.97","6387.88","3040.91","3040.91","6387.88","-3346.97","6387.88","6387.88","Cierre ejercicio (Dic/Ene)","diario#100060 2024-12-23 | diario#4 2024-12-31"
"2025-01","2025","1","610000800000000000002","PRIMA VACACIONAL","deudora","6387.88","0.00","-6387.88","0.00","0.00","0.00","-6387.88","6387.88","Cierre ejercicio (Dic/Ene)",""
"2024-12","2024","12","610006500000000000002","RECARGAS TELEFONICAS","deudora","5775.78","6379.22","603.44","603.44","6379.22","-5775.78","6379.22","6379.22","Cierre ejercicio (Dic/Ene)","egreso#49 2024-12-27 | egreso#62 2024-12-30 | egreso#63 2024-12-30 | diario#4 2024-12-31"
"2025-01","2025","1","610006500000000000002","RECARGAS TELEFONICAS","deudora","6379.22","330.62","-6048.60","330.62","0.00","330.62","-6379.22","6379.22","Cierre ejercicio (Dic/Ene)","egreso#10 2025-01-09 | egreso#40 2025-01-22"
"2025-12","2025","12","610006500000000000002","RECARGAS TELEFONICAS","deudora","5710.72","6359.42","648.70","648.70","6359.42","-5710.72","6359.42","6359.42","Cierre ejercicio (Dic/Ene)","egreso#56 2025-12-19 | egreso#30 2025-12-12 | egreso#69 2025-12-27 | egreso#81 2025-12-30 | egreso#93 2025-12-31 | diario#3 2025-12-31"
"2026-01","2026","1","610006500000000000002","RECARGAS TELEFONICAS","deudora","6359.42","474.13","-5885.29","474.13","0.00","474.13","-6359.42","6359.42","Cierre ejercicio (Dic/Ene)","egreso#44 2026-01-23 | egreso#48 2026-01-26"
"2024-12","2024","12","610005900000000000002","COMISIONES BANCARIAS","deudora","6315.50","6315.50","0.00","0.00","6315.50","-6315.50","6315.50","6315.50","Cierre ejercicio (Dic/Ene)","diario#4 2024-12-31"
"2025-01","2025","1","610005900000000000002","COMISIONES BANCARIAS","deudora","6315.50","500.00","-5815.50","500.00","0.00","500.00","-6315.50","6315.50","Cierre ejercicio (Dic/Ene)","diario#100104 2025-01-31"
"2023-12","2023","12","620000600000000000002","VACACIONES","deudora","2378.46","6203.65","3825.19","3825.19","6203.65","-2378.46","6203.65","6203.65","Cierre ejercicio (Dic/Ene)","diario#100007 2023-12-08 | diario#100016 2023-12-15 | diario#2 2023-12-31"
"2024-01","2024","1","620000600000000000002","VACACIONES","deudora","6203.65","0.00","-6203.65","0.00","0.00","0.00","-6203.65","6203.65","Cierre ejercicio (Dic/Ene)",""
"2024-12","2024","12","610004700000000000002","ALIMENTACION","deudora","4459.70","6127.80","1668.10","1668.10","6127.80","-4459.70","6127.80","6127.80","Cierre ejercicio (Dic/Ene)","egreso#73 2024-12-31 | diario#4 2024-12-31"
"2025-01","2025","1","610004700000000000002","ALIMENTACION","deudora","6127.80","80.00","-6047.80","80.00","0.00","80.00","-6127.80","6127.80","Cierre ejercicio (Dic/Ene)","egreso#11 2025-01-09"
"2025-12","2025","12","610002200000000000002","LIMPIEZA","deudora","5464.58","5464.58","0.00","0.00","5464.58","-5464.58","5464.58","5464.58","Cierre ejercicio (Dic/Ene)","diario#3 2025-12-31"
"2026-01","2026","1","610002200000000000002","LIMPIEZA","deudora","5464.58","566.45","-4898.13","566.45","0.00","566.45","-5464.58","5464.58","Cierre ejercicio (Dic/Ene)","egreso#16 2026-01-09"
"2024-12","2024","12","630000500000000000002","DEPRECIACION MAQUINARIA Y EQUIPO","deudora","4249.86","4958.17","708.31","708.31","4958.17","-4249.86","4958.17","4958.17","Cierre ejercicio (Dic/Ene)","diario#51 2024-12-31 | diario#4 2024-12-31"
"2025-01","2025","1","630000500000000000002","DEPRECIACION MAQUINARIA Y EQUIPO","deudora","4958.17","708.31","-4249.86","708.31","0.00","708.31","-4958.17","4958.17","Cierre ejercicio (Dic/Ene)","diario#49 2025-01-31"
"2023-12","2023","12","910000700000000000002","CUCA DE EJERCICIOS ANTERIORES","deudora","100000.00","100000.00","0.00","4660.00","0.00","4660.00","-4660.00","4660.00","Cierre ejercicio (Dic/Ene)","diario#1 2023-12-31"
"2024-01","2024","1","910000700000000000002","CUCA DE EJERCICIOS ANTERIORES","deudora","100000.00","104660.00","4660.00","0.00","0.00","0.00","4660.00","4660.00","Cierre ejercicio (Dic/Ene)",""
"2023-12","2023","12","920000700000000000002","CONTRA CTA. CUCA DE EJERCICIOS ANTERIORE","acreedora","100000.00","100000.00","0.00","0.00","4660.00","4660.00","-4660.00","4660.00","Cierre ejercicio (Dic/Ene)","diario#1 2023-12-31"
"2024-01","2024","1","920000700000000000002","CONTRA CTA. CUCA DE EJERCICIOS ANTERIORE","acreedora","100000.00","104660.00","4660.00","0.00","0.00","0.00","4660.00","4660.00","Cierre ejercicio (Dic/Ene)",""
"2025-01","2025","1","910000700000000000002","CUCA DE EJERCICIOS ANTERIORES","deudora","104660.00","109066.19","4406.19","0.00","0.00","0.00","4406.19","4406.19","Cierre ejercicio (Dic/Ene)",""
"2025-01","2025","1","920000700000000000002","CONTRA CTA. CUCA DE EJERCICIOS ANTERIORE","acreedora","104660.00","109066.19","4406.19","0.00","0.00","0.00","4406.19","4406.19","Cierre ejercicio (Dic/Ene)",""
"2024-12","2024","12","910000700000000000002","CUCA DE EJERCICIOS ANTERIORES","deudora","104660.00","104660.00","0.00","4406.19","0.00","4406.19","-4406.19","4406.19","Cierre ejercicio (Dic/Ene)","diario#2 2024-12-31"
"2024-12","2024","12","920000700000000000002","CONTRA CTA. CUCA DE EJERCICIOS ANTERIORE","acreedora","104660.00","104660.00","0.00","0.00","4406.19","4406.19","-4406.19","4406.19","Cierre ejercicio (Dic/Ene)","diario#2 2024-12-31"
"2024-12","2024","12","610005400000000000002","GASTOS DE FIN DE AÑO","deudora","4250.89","4250.89","0.00","0.00","4250.89","-4250.89","4250.89","4250.89","Cierre ejercicio (Dic/Ene)","diario#4 2024-12-31"
"2025-01","2025","1","610005400000000000002","GASTOS DE FIN DE AÑO","deudora","4250.89","0.00","-4250.89","0.00","0.00","0.00","-4250.89","4250.89","Cierre ejercicio (Dic/Ene)",""
"2025-12","2025","12","910000700000000000002","CUCA DE EJERCICIOS ANTERIORES","deudora","109066.19","109066.19","0.00","4024.54","0.00","4024.54","-4024.54","4024.54","Cierre ejercicio (Dic/Ene)","diario#2 2025-12-31"
"2025-12","2025","12","920000700000000000002","CONTRA CTA. CUCA DE EJERCICIOS ANTERIORE","acreedora","109066.19","109066.19","0.00","0.00","4024.54","4024.54","-4024.54","4024.54","Cierre ejercicio (Dic/Ene)","diario#2 2025-12-31"
"2026-01","2026","1","910000700000000000002","CUCA DE EJERCICIOS ANTERIORES","deudora","109066.19","113090.73","4024.54","0.00","0.00","0.00","4024.54","4024.54","Cierre ejercicio (Dic/Ene)",""
"2026-01","2026","1","920000700000000000002","CONTRA CTA. CUCA DE EJERCICIOS ANTERIORE","acreedora","109066.19","113090.73","4024.54","0.00","0.00","0.00","4024.54","4024.54","Cierre ejercicio (Dic/Ene)",""
"2024-12","2024","12","910000200000000000002","CUFIN DEL EJERCICIO","deudora","0.00","0.00","0.00","0.00","3320.66","-3320.66","3320.66","3320.66","Cierre ejercicio (Dic/Ene)","diario#2 2024-12-31"
"2025-01","2025","1","910000200000000000002","CUFIN DEL EJERCICIO","deudora","0.00","-3320.66","-3320.66","0.00","0.00","0.00","-3320.66","3320.66","Cierre ejercicio (Dic/Ene)",""
"2024-12","2024","12","920000200000000000002","CONTRA CTA. CUFIN DEL EJERCICIO","acreedora","0.00","0.00","0.00","3320.66","0.00","-3320.66","3320.66","3320.66","Cierre ejercicio (Dic/Ene)","diario#2 2024-12-31"
"2025-01","2025","1","920000200000000000002","CONTRA CTA. CUFIN DEL EJERCICIO","acreedora","0.00","-3320.66","-3320.66","0.00","0.00","0.00","-3320.66","3320.66","Cierre ejercicio (Dic/Ene)",""
"2024-12","2024","12","610006100000000000002","MANTTO. DE EQUIPO","deudora","3152.55","3152.55","0.00","0.00","3152.55","-3152.55","3152.55","3152.55","Cierre ejercicio (Dic/Ene)","diario#4 2024-12-31"
"2025-01","2025","1","610006100000000000002","MANTTO. DE EQUIPO","deudora","3152.55","0.00","-3152.55","0.00","0.00","0.00","-3152.55","3152.55","Cierre ejercicio (Dic/Ene)",""
"2023-12","2023","12","620003600000000000002","OTROS IMPUESTOS Y DERECHOS","deudora","3097.80","3097.80","0.00","0.00","3097.80","-3097.80","3097.80","3097.80","Cierre ejercicio (Dic/Ene)","diario#2 2023-12-31"
"2024-01","2024","1","620003600000000000002","OTROS IMPUESTOS Y DERECHOS","deudora","3097.80","0.00","-3097.80","0.00","0.00","0.00","-3097.80","3097.80","Cierre ejercicio (Dic/Ene)",""
"2024-12","2024","12","610006600000000000002","ESTACIONAMIENTOS","deudora","2668.58","3042.68","374.10","374.10","3042.68","-2668.58","3042.68","3042.68","Cierre ejercicio (Dic/Ene)","egreso#3 2024-12-02 | egreso#4 2024-12-02 | egreso#5 2024-12-04 | egreso#8 2024-12-05 | egreso#9 2024-12-05 | egreso#15 2024-12-09 | egreso#21 2024-12-11 | egreso#25 2024-12-13 | egreso#27 2024-12-14 | egreso#31 2024-12-17 | egreso#34 2024-12-17 | egreso#41 2024-12-19 | diario#4 2024-12-31"
"2025-01","2025","1","610006600000000000002","ESTACIONAMIENTOS","deudora","3042.68","498.69","-2543.99","498.69","0.00","498.69","-3042.68","3042.68","Cierre ejercicio (Dic/Ene)","egreso#4 2025-01-06 | egreso#15 2025-01-09 | egreso#17 2025-01-10 | egreso#24 2025-01-15 | egreso#25 2025-01-15 | egreso#31 2025-01-16 | egreso#34 2025-01-17 | egreso#35 2025-01-18 | egreso#36 2025-01-18 | egreso#43 2025-01-22 | egreso#37 2025-01-20 | egreso#54 2025-01-24 | egreso#64 2025-01-30"
"2025-12","2025","12","610006200000000000002","TIMBRES FISCALES","deudora","2800.00","2800.00","0.00","0.00","2800.00","-2800.00","2800.00","2800.00","Cierre ejercicio (Dic/Ene)","diario#3 2025-12-31"
"2026-01","2026","1","610006200000000000002","TIMBRES FISCALES","deudora","2800.00","0.00","-2800.00","0.00","0.00","0.00","-2800.00","2800.00","Cierre ejercicio (Dic/Ene)",""
"2023-12","2023","12","620002200000000000002","MANTTO. EQUIPO DE TRANSPORTE","deudora","0.00","2750.00","2750.00","2750.00","2750.00","0.00","2750.00","2750.00","Cierre ejercicio (Dic/Ene)","diario#100042 2023-12-28 | diario#2 2023-12-31"
"2024-01","2024","1","620002200000000000002","MANTTO. EQUIPO DE TRANSPORTE","deudora","2750.00","0.00","-2750.00","0.00","0.00","0.00","-2750.00","2750.00","Cierre ejercicio (Dic/Ene)",""
"2025-12","2025","12","420000200000000000002","DESCUENTOS Y DEVOLUCIONES I.V.A. AL 0%","deudora","2615.85","2615.85","0.00","0.00","2615.85","-2615.85","2615.85","2615.85","Cierre ejercicio (Dic/Ene)","diario#3 2025-12-31"
"2026-01","2026","1","420000200000000000002","DESCUENTOS Y DEVOLUCIONES I.V.A. AL 0%","deudora","2615.85","0.00","-2615.85","0.00","0.00","0.00","-2615.85","2615.85","Cierre ejercicio (Dic/Ene)",""
"2024-12","2024","12","420000200000000000002","DESCUENTOS Y DEVOLUCIONES I.V.A. AL 0%","deudora","2470.22","2470.62","0.40","0.40","2470.62","-2470.22","2470.62","2470.62","Cierre ejercicio (Dic/Ene)","ingreso#11 2024-12-17 | diario#4 2024-12-31"
"2025-01","2025","1","420000200000000000002","DESCUENTOS Y DEVOLUCIONES I.V.A. AL 0%","deudora","2470.62","0.00","-2470.62","0.00","0.00","0.00","-2470.62","2470.62","Cierre ejercicio (Dic/Ene)",""
"2025-12","2025","12","610003500000000000002","RECARGOS FISCALES","deudora","2463.76","2464.76","1.00","1.00","2464.76","-2463.76","2464.76","2464.76","Cierre ejercicio (Dic/Ene)","diario#3 2025-12-31 | egreso#96 2025-12-08"
"2026-01","2026","1","610003500000000000002","RECARGOS FISCALES","deudora","2464.76","1647.91","-816.85","1647.91","0.00","1647.91","-2464.76","2464.76","Cierre ejercicio (Dic/Ene)","diario#100044 2026-01-23 | diario#100045 2026-01-23"
"2023-12","2023","12","420000200000000000002","DESCUENTOS Y DEVOLUCIONES I.V.A. AL 0%","deudora","740.70","2359.07","1618.37","1618.37","2359.07","-740.70","2359.07","2359.07","Cierre ejercicio (Dic/Ene)","ingreso#13 2023-12-16 | diario#2 2023-12-31 | diario#16 2023-12-19"
"2024-01","2024","1","420000200000000000002","DESCUENTOS Y DEVOLUCIONES I.V.A. AL 0%","deudora","2359.07","0.00","-2359.07","0.00","0.00","0.00","-2359.07","2359.07","Cierre ejercicio (Dic/Ene)",""
"2025-12","2025","12","610004800000000000002","OTROS GASTOS DE VIAJE","deudora","2086.13","2086.13","0.00","0.00","2086.13","-2086.13","2086.13","2086.13","Cierre ejercicio (Dic/Ene)","diario#3 2025-12-31"
"2026-01","2026","1","610004800000000000002","OTROS GASTOS DE VIAJE","deudora","2086.13","0.00","-2086.13","0.00","0.00","0.00","-2086.13","2086.13","Cierre ejercicio (Dic/Ene)",""
"2025-12","2025","12","610006600000000000002","ESTACIONAMIENTOS","deudora","1905.47","1939.95","34.48","34.48","1939.95","-1905.47","1939.95","1939.95","Cierre ejercicio (Dic/Ene)","egreso#4 2025-12-03 | diario#3 2025-12-31"
"2026-01","2026","1","610006600000000000002","ESTACIONAMIENTOS","deudora","1939.95","34.48","-1905.47","34.48","0.00","34.48","-1939.95","1939.95","Cierre ejercicio (Dic/Ene)","egreso#37 2026-01-21"
"2024-12","2024","12","610003600000000000002","AGUA","deudora","1896.56","1896.56","0.00","0.00","1896.56","-1896.56","1896.56","1896.56","Cierre ejercicio (Dic/Ene)","diario#4 2024-12-31"
"2025-01","2025","1","610003600000000000002","AGUA","deudora","1896.56","0.00","-1896.56","0.00","0.00","0.00","-1896.56","1896.56","Cierre ejercicio (Dic/Ene)",""
"2025-12","2025","12","610006000000000000002","TENENCIAS","deudora","1834.00","1834.00","0.00","0.00","1834.00","-1834.00","1834.00","1834.00","Cierre ejercicio (Dic/Ene)","diario#3 2025-12-31"
"2026-01","2026","1","610006000000000000002","TENENCIAS","deudora","1834.00","0.00","-1834.00","0.00","0.00","0.00","-1834.00","1834.00","Cierre ejercicio (Dic/Ene)",""
"2024-12","2024","12","610006000000000000002","TENENCIAS","deudora","1730.00","1730.00","0.00","0.00","1730.00","-1730.00","1730.00","1730.00","Cierre ejercicio (Dic/Ene)","diario#4 2024-12-31"
"2025-01","2025","1","610006000000000000002","TENENCIAS","deudora","1730.00","0.00","-1730.00","0.00","0.00","0.00","-1730.00","1730.00","Cierre ejercicio (Dic/Ene)",""
"2025-12","2025","12","610006400000000000002","BOTIQUIN","deudora","1159.83","1682.08","522.25","522.25","1682.08","-1159.83","1682.08","1682.08","Cierre ejercicio (Dic/Ene)","egreso#16 2025-12-08 | egreso#43 2025-12-17 | diario#3 2025-12-31"
"2026-01","2026","1","610006400000000000002","BOTIQUIN","deudora","1682.08","161.44","-1520.64","161.44","0.00","161.44","-1682.08","1682.08","Cierre ejercicio (Dic/Ene)","egreso#43 2026-01-23"
"2023-12","2023","12","620000700000000000002","PRIMA VACACIONAL","deudora","594.60","1550.90","956.30","956.30","1550.90","-594.60","1550.90","1550.90","Cierre ejercicio (Dic/Ene)","diario#100007 2023-12-08 | diario#100016 2023-12-15 | diario#2 2023-12-31"
"2024-01","2024","1","620000700000000000002","PRIMA VACACIONAL","deudora","1550.90","0.00","-1550.90","0.00","0.00","0.00","-1550.90","1550.90","Cierre ejercicio (Dic/Ene)",""
"2025-12","2025","12","610000900000000000002","PRIMA DE ANTIGÜEDAD","deudora","1494.06","1494.06","0.00","0.00","1494.06","-1494.06","1494.06","1494.06","Cierre ejercicio (Dic/Ene)","diario#3 2025-12-31"
"2026-01","2026","1","610000900000000000002","PRIMA DE ANTIGÜEDAD","deudora","1494.06","0.00","-1494.06","0.00","0.00","0.00","-1494.06","1494.06","Cierre ejercicio (Dic/Ene)",""
"2024-12","2024","12","610006200000000000002","TIMBRES FISCALES","deudora","1400.00","1400.00","0.00","0.00","1400.00","-1400.00","1400.00","1400.00","Cierre ejercicio (Dic/Ene)","diario#4 2024-12-31"
"2025-01","2025","1","610006200000000000002","TIMBRES FISCALES","deudora","1400.00","1400.00","0.00","1400.00","0.00","1400.00","-1400.00","1400.00","Cierre ejercicio (Dic/Ene)","diario#100063 2025-01-20"
"2024-12","2024","12","720000400000000000002","COMISIONES BANCARIAS","deudora","835.50","1335.50","500.00","500.00","1335.50","-835.50","1335.50","1335.50","Cierre ejercicio (Dic/Ene)","diario#100101 2024-12-31 | diario#4 2024-12-31"
"2025-01","2025","1","720000400000000000002","COMISIONES BANCARIAS","deudora","1335.50","0.00","-1335.50","0.00","0.00","0.00","-1335.50","1335.50","Cierre ejercicio (Dic/Ene)",""
"2025-12","2025","12","730000300000000000002","ACTUALIZACION DE CONTRIBUCIONES","acreedora","508.00","1193.00","685.00","1193.00","685.00","-508.00","1193.00","1193.00","Cierre ejercicio (Dic/Ene)","diario#30 2025-12-16 | diario#3 2025-12-31"
"2026-01","2026","1","730000300000000000002","ACTUALIZACION DE CONTRIBUCIONES","acreedora","1193.00","0.00","-1193.00","0.00","0.00","0.00","-1193.00","1193.00","Cierre ejercicio (Dic/Ene)",""
"2025-12","2025","12","610004900000000000002","FLETES Y ACARREOS","deudora","1170.08","1170.08","0.00","0.00","1170.08","-1170.08","1170.08","1170.08","Cierre ejercicio (Dic/Ene)","diario#3 2025-12-31"
"2026-01","2026","1","610004900000000000002","FLETES Y ACARREOS","deudora","1170.08","0.00","-1170.08","0.00","0.00","0.00","-1170.08","1170.08","Cierre ejercicio (Dic/Ene)",""
"2025-12","2025","12","610005800000000000002","UNIFORMES","deudora","1169.83","1169.83","0.00","0.00","1169.83","-1169.83","1169.83","1169.83","Cierre ejercicio (Dic/Ene)","diario#3 2025-12-31"
"2026-01","2026","1","610005800000000000002","UNIFORMES","deudora","1169.83","0.00","-1169.83","0.00","0.00","0.00","-1169.83","1169.83","Cierre ejercicio (Dic/Ene)",""
"2025-12","2025","12","610006800000000000002","VERIFICACIONES","deudora","1085.16","1085.16","0.00","0.00","1085.16","-1085.16","1085.16","1085.16","Cierre ejercicio (Dic/Ene)","diario#3 2025-12-31"
"2026-01","2026","1","610006800000000000002","VERIFICACIONES","deudora","1085.16","1127.34","42.18","1127.34","0.00","1127.34","-1085.16","1085.16","Cierre ejercicio (Dic/Ene)","egreso#3 2026-01-05 | egreso#4 2026-01-05"
"2024-12","2024","12","610006800000000000002","VERIFICACIONES","deudora","1041.06","1041.06","0.00","0.00","1041.06","-1041.06","1041.06","1041.06","Cierre ejercicio (Dic/Ene)","diario#4 2024-12-31"
"2025-01","2025","1","610006800000000000002","VERIFICACIONES","deudora","1041.06","0.00","-1041.06","0.00","0.00","0.00","-1041.06","1041.06","Cierre ejercicio (Dic/Ene)",""
"2024-12","2024","12","610003700000000000002","OTROS IMPUESTOS Y DERECHOS","deudora","1014.00","1014.00","0.00","0.00","1014.00","-1014.00","1014.00","1014.00","Cierre ejercicio (Dic/Ene)","diario#4 2024-12-31"
"2025-01","2025","1","610003700000000000002","OTROS IMPUESTOS Y DERECHOS","deudora","1014.00","0.00","-1014.00","0.00","0.00","0.00","-1014.00","1014.00","Cierre ejercicio (Dic/Ene)",""
"2023-12","2023","12","720000400000000000002","COMISIONES BANCARIAS","deudora","0.00","874.00","874.00","874.00","874.00","0.00","874.00","874.00","Cierre ejercicio (Dic/Ene)","diario#100045 2023-12-30 | diario#2 2023-12-31"
"2024-01","2024","1","720000400000000000002","COMISIONES BANCARIAS","deudora","874.00","0.00","-874.00","0.00","0.00","0.00","-874.00","874.00","Cierre ejercicio (Dic/Ene)",""
"2024-12","2024","12","720000100000000000002","INTERESES BANCARIOS A CARGO","deudora","750.00","750.00","0.00","0.00","750.00","-750.00","750.00","750.00","Cierre ejercicio (Dic/Ene)","diario#4 2024-12-31"
"2025-01","2025","1","720000100000000000002","INTERESES BANCARIOS A CARGO","deudora","750.00","0.00","-750.00","0.00","0.00","0.00","-750.00","750.00","Cierre ejercicio (Dic/Ene)",""
"2023-12","2023","12","620006000000000000002","COMISIONES POR MANEJO DE CUENTA","deudora","747.50","747.50","0.00","0.00","747.50","-747.50","747.50","747.50","Cierre ejercicio (Dic/Ene)","diario#2 2023-12-31"
"2024-01","2024","1","620006000000000000002","COMISIONES POR MANEJO DE CUENTA","deudora","747.50","0.00","-747.50","0.00","0.00","0.00","-747.50","747.50","Cierre ejercicio (Dic/Ene)",""
"2024-12","2024","12","610000400000000000002","COMISIONES","deudora","703.50","703.50","0.00","0.00","703.50","-703.50","703.50","703.50","Cierre ejercicio (Dic/Ene)","diario#4 2024-12-31"
"2025-01","2025","1","610000400000000000002","COMISIONES","deudora","703.50","0.00","-703.50","0.00","0.00","0.00","-703.50","703.50","Cierre ejercicio (Dic/Ene)",""
"2024-12","2024","12","610006400000000000002","BOTIQUIN","deudora","699.85","699.85","0.00","0.00","699.85","-699.85","699.85","699.85","Cierre ejercicio (Dic/Ene)","diario#4 2024-12-31"
"2025-01","2025","1","610006400000000000002","BOTIQUIN","deudora","699.85","0.00","-699.85","0.00","0.00","0.00","-699.85","699.85","Cierre ejercicio (Dic/Ene)",""
"2025-12","2025","12","610006100000000000002","MANTTO. DE EQUIPO","deudora","688.79","688.79","0.00","0.00","688.79","-688.79","688.79","688.79","Cierre ejercicio (Dic/Ene)","diario#3 2025-12-31"
"2026-01","2026","1","610006100000000000002","MANTTO. DE EQUIPO","deudora","688.79","0.00","-688.79","0.00","0.00","0.00","-688.79","688.79","Cierre ejercicio (Dic/Ene)",""
"2023-12","2023","12","620001900000000000002","IMPUESTO SOBRE NOMINA","deudora","485.00","485.00","0.00","0.00","485.00","-485.00","485.00","485.00","Cierre ejercicio (Dic/Ene)","diario#2 2023-12-31"
"2024-01","2024","1","620001900000000000002","IMPUESTO SOBRE NOMINA","deudora","485.00","0.00","-485.00","0.00","0.00","0.00","-485.00","485.00","Cierre ejercicio (Dic/Ene)",""
"2024-12","2024","12","610003500000000000002","RECARGOS FISCALES","deudora","82.00","335.53","253.53","253.53","335.53","-82.00","335.53","335.53","Cierre ejercicio (Dic/Ene)","diario#100055 2024-12-20 | diario#4 2024-12-31"
"2025-01","2025","1","610003500000000000002","RECARGOS FISCALES","deudora","335.53","82.44","-253.09","82.44","0.00","82.44","-335.53","335.53","Cierre ejercicio (Dic/Ene)","diario#100101 2025-01-31"
"2025-12","2025","12","630000400000000000002","DEPRECIACION DE EQUIPO DE OFICINA","deudora","246.89","282.16","35.27","35.27","282.16","-246.89","282.16","282.16","Cierre ejercicio (Dic/Ene)","diario#57 2025-12-31 | diario#3 2025-12-31"
"2026-01","2026","1","630000400000000000002","DEPRECIACION DE EQUIPO DE OFICINA","deudora","282.16","35.27","-246.89","35.27","0.00","35.27","-282.16","282.16","Cierre ejercicio (Dic/Ene)","diario#51 2026-01-31"
"2024-12","2024","12","610006900000000000002","Accesorios para eq. de transporte","deudora","278.45","278.45","0.00","0.00","278.45","-278.45","278.45","278.45","Cierre ejercicio (Dic/Ene)","diario#4 2024-12-31"
"2025-01","2025","1","610006900000000000002","Accesorios para eq. de transporte","deudora","278.45","0.00","-278.45","0.00","0.00","0.00","-278.45","278.45","Cierre ejercicio (Dic/Ene)",""
"2024-12","2024","12","610005000000000000002","PUBLICIDAD","deudora","258.62","258.62","0.00","0.00","258.62","-258.62","258.62","258.62","Cierre ejercicio (Dic/Ene)","diario#4 2024-12-31"
"2025-01","2025","1","610005000000000000002","PUBLICIDAD","deudora","258.62","0.00","-258.62","0.00","0.00","0.00","-258.62","258.62","Cierre ejercicio (Dic/Ene)",""
"2024-12","2024","12","610002200000000000002","LIMPIEZA","deudora","238.51","238.51","0.00","0.00","238.51","-238.51","238.51","238.51","Cierre ejercicio (Dic/Ene)","diario#4 2024-12-31"
"2025-01","2025","1","610002200000000000002","LIMPIEZA","deudora","238.51","0.00","-238.51","0.00","0.00","0.00","-238.51","238.51","Cierre ejercicio (Dic/Ene)",""
"2023-12","2023","12","620003400000000000002","RECARGOS FISCALES","deudora","9.00","207.25","198.25","198.25","207.25","-9.00","207.25","207.25","Cierre ejercicio (Dic/Ene)","diario#100017 2023-12-19 | diario#2 2023-12-31"
"2024-01","2024","1","620003400000000000002","RECARGOS FISCALES","deudora","207.25","0.00","-207.25","0.00","0.00","0.00","-207.25","207.25","Cierre ejercicio (Dic/Ene)",""
"2023-12","2023","12","620005400000000000002","NO DEDUCIBLES","deudora","2.00","2.05","0.05","0.05","2.05","-2.00","2.05","2.05","Cierre ejercicio (Dic/Ene)","diario#100028 2023-12-22 | diario#100036 2023-12-27 | diario#2 2023-12-31"
"2024-01","2024","1","620005400000000000002","NO DEDUCIBLES","deudora","2.05","0.00","-2.05","0.00","0.00","0.00","-2.05","2.05","Cierre ejercicio (Dic/Ene)",""
"2024-12","2024","12","710000400000000000002","OTROS PRODUCTOS FINANCIEROS","acreedora","0.00","0.04","0.04","0.04","0.04","0.00","0.04","0.04","Cierre ejercicio (Dic/Ene)","diario#5 2024-12-03 | diario#16 2024-12-09 | diario#4 2024-12-31"
"2025-01","2025","1","710000400000000000002","OTROS PRODUCTOS FINANCIEROS","acreedora","0.04","0.00","-0.04","0.00","0.00","0.00","-0.04","0.04","Cierre ejercicio (Dic/Ene)",""
